size,system,group,metric,n,mean,ci_low,ci_high
100,bm25,multihop,r@1,24,0.4167,0.3333,0.4792
100,bm25,multihop,r@5,24,0.5208,0.4375,0.6042
100,bm25,multihop,mrr,24,0.8611,0.7222,0.9722
100,bm25,multihop,ndcg@10,24,0.6144,0.5104,0.7124
100,bm25,multihop,complet@5,24,0.125,0.0,0.25
100,bm25,multihop,abstention_a_tort,24,0.0833,0.0,0.2083
100,bm25,sans_reponse,abstention_ok,40,0.7,0.55,0.825
100,bm25,simple,r@1,135,0.4593,0.3778,0.5481
100,bm25,simple,r@5,135,0.5407,0.4593,0.6222
100,bm25,simple,mrr,135,0.49,0.412,0.5719
100,bm25,simple,ndcg@10,135,0.5042,0.427,0.584
100,bm25,simple,complet@5,135,0.5407,0.4593,0.6222
100,bm25,simple,abstention_a_tort,135,0.1704,0.1111,0.237
100,bm25,style_crosslingue,r@1,45,0.3333,0.2,0.4889
100,bm25,style_crosslingue,r@5,45,0.4222,0.2889,0.5778
100,bm25,style_crosslingue,mrr,45,0.3581,0.23,0.5019
100,bm25,style_crosslingue,ndcg@10,45,0.3737,0.2499,0.5166
100,bm25,style_crosslingue,complet@5,45,0.4222,0.2889,0.5778
100,bm25,style_crosslingue,abstention_a_tort,45,0.3333,0.2,0.4667
100,bm25,style_identifiant,r@1,4,1.0,1.0,1.0
100,bm25,style_identifiant,r@5,4,1.0,1.0,1.0
100,bm25,style_identifiant,mrr,4,1.0,1.0,1.0
100,bm25,style_identifiant,ndcg@10,4,1.0,1.0,1.0
100,bm25,style_identifiant,complet@5,4,1.0,1.0,1.0
100,bm25,style_identifiant,abstention_a_tort,4,0.0,0.0,0.0
100,bm25,style_indirecte,r@1,45,0.2444,0.1333,0.3778
100,bm25,style_indirecte,r@5,45,0.3778,0.2444,0.5333
100,bm25,style_indirecte,mrr,45,0.3043,0.1889,0.4358
100,bm25,style_indirecte,ndcg@10,45,0.3279,0.2094,0.4612
100,bm25,style_indirecte,complet@5,45,0.3778,0.2444,0.5333
100,bm25,style_indirecte,abstention_a_tort,45,0.1556,0.0667,0.2667
100,bm25,style_paraphrase,r@1,41,0.7805,0.6585,0.9024
100,bm25,style_paraphrase,r@5,41,0.8049,0.6829,0.9268
100,bm25,style_paraphrase,mrr,41,0.7886,0.6667,0.9106
100,bm25,style_paraphrase,ndcg@10,41,0.7927,0.6707,0.9146
100,bm25,style_paraphrase,complet@5,41,0.8049,0.6829,0.9268
100,bm25,style_paraphrase,abstention_a_tort,41,0.0244,0.0,0.0732
100,bm25,temporal,r@1,24,0.0833,0.0,0.2083
100,bm25,temporal,r@5,24,0.5417,0.3333,0.75
100,bm25,temporal,mrr,24,0.3011,0.1944,0.4226
100,bm25,temporal,ndcg@10,24,0.3914,0.2679,0.5229
100,bm25,temporal,complet@5,24,0.5417,0.3333,0.75
100,bm25,temporal,abstention_a_tort,24,0.2083,0.0823,0.375
100,bm25,temporal,a_jour@5,24,0.0833,0.0,0.2083
100,bm25,temporal,perime_en_tete,24,0.625,0.4167,0.7917
100,bm25,toutes_avec_reponse,r@1,183,0.4044,0.3388,0.4699
100,bm25,toutes_avec_reponse,r@5,183,0.5383,0.4699,0.6066
100,bm25,toutes_avec_reponse,mrr,183,0.5139,0.4461,0.5798
100,bm25,toutes_avec_reponse,ndcg@10,183,0.5039,0.4417,0.5653
100,bm25,toutes_avec_reponse,complet@5,183,0.4863,0.4153,0.5574
100,bm25,toutes_avec_reponse,abstention_a_tort,183,0.1639,0.1093,0.2186
100,bm25,toutes_avec_reponse,a_jour@5,24,0.0833,0.0,0.2083
100,bm25,toutes_avec_reponse,perime_en_tete,24,0.625,0.4167,0.7917
100,bm25,unanswerable,abstention_ok,40,0.7,0.55,0.825
100,contexte_2000,multihop,present_dans_contexte,24,0.0,0.0,0.0
100,contexte_2000,simple,present_dans_contexte,135,0.2,0.1333,0.2667
100,contexte_2000,style_crosslingue,present_dans_contexte,45,0.2,0.0889,0.3333
100,contexte_2000,style_identifiant,present_dans_contexte,4,0.0,0.0,0.0
100,contexte_2000,style_indirecte,present_dans_contexte,45,0.2,0.0889,0.3333
100,contexte_2000,style_paraphrase,present_dans_contexte,41,0.2195,0.0976,0.3659
100,contexte_2000,temporal,present_dans_contexte,24,1.0,1.0,1.0
100,contexte_2000,toutes_avec_reponse,present_dans_contexte,183,0.2787,0.2186,0.3443
100,contexte_20000,multihop,present_dans_contexte,24,1.0,1.0,1.0
100,contexte_20000,simple,present_dans_contexte,135,1.0,1.0,1.0
100,contexte_20000,style_crosslingue,present_dans_contexte,45,1.0,1.0,1.0
100,contexte_20000,style_identifiant,present_dans_contexte,4,1.0,1.0,1.0
100,contexte_20000,style_indirecte,present_dans_contexte,45,1.0,1.0,1.0
100,contexte_20000,style_paraphrase,present_dans_contexte,41,1.0,1.0,1.0
100,contexte_20000,temporal,present_dans_contexte,24,1.0,1.0,1.0
100,contexte_20000,toutes_avec_reponse,present_dans_contexte,183,1.0,1.0,1.0
100,contexte_6000,multihop,present_dans_contexte,24,0.6667,0.4583,0.8333
100,contexte_6000,simple,present_dans_contexte,135,0.8667,0.8,0.9259
100,contexte_6000,style_crosslingue,present_dans_contexte,45,0.8667,0.7556,0.9556
100,contexte_6000,style_identifiant,present_dans_contexte,4,1.0,1.0,1.0
100,contexte_6000,style_indirecte,present_dans_contexte,45,0.8667,0.7556,0.9556
100,contexte_6000,style_paraphrase,present_dans_contexte,41,0.8537,0.7317,0.9512
100,contexte_6000,temporal,present_dans_contexte,24,1.0,1.0,1.0
100,contexte_6000,toutes_avec_reponse,present_dans_contexte,183,0.8579,0.8033,0.9071
100,dense_e5,multihop,r@1,24,0.4167,0.3333,0.4792
100,dense_e5,multihop,r@5,24,0.6875,0.6042,0.7917
100,dense_e5,multihop,mrr,24,0.8958,0.7917,0.9792
100,dense_e5,multihop,ndcg@10,24,0.7023,0.6315,0.7719
100,dense_e5,multihop,complet@5,24,0.375,0.2083,0.5833
100,dense_e5,multihop,abstention_a_tort,24,0.0,0.0,0.0
100,dense_e5,sans_reponse,abstention_ok,40,0.0,0.0,0.0
100,dense_e5,simple,r@1,135,0.637,0.5556,0.7185
100,dense_e5,simple,r@5,135,0.8667,0.8074,0.9185
100,dense_e5,simple,mrr,135,0.7364,0.6737,0.7956
100,dense_e5,simple,ndcg@10,135,0.7809,0.7253,0.8331
100,dense_e5,simple,complet@5,135,0.8667,0.8074,0.9185
100,dense_e5,simple,abstention_a_tort,135,0.0,0.0,0.0
100,dense_e5,style_crosslingue,r@1,45,0.7111,0.5778,0.8444
100,dense_e5,style_crosslingue,r@5,45,0.8889,0.8,0.9778
100,dense_e5,style_crosslingue,mrr,45,0.7968,0.6936,0.8921
100,dense_e5,style_crosslingue,ndcg@10,45,0.8351,0.748,0.9145
100,dense_e5,style_crosslingue,complet@5,45,0.8889,0.8,0.9778
100,dense_e5,style_crosslingue,abstention_a_tort,45,0.0,0.0,0.0
100,dense_e5,style_identifiant,r@1,4,1.0,1.0,1.0
100,dense_e5,style_identifiant,r@5,4,1.0,1.0,1.0
100,dense_e5,style_identifiant,mrr,4,1.0,1.0,1.0
100,dense_e5,style_identifiant,ndcg@10,4,1.0,1.0,1.0
100,dense_e5,style_identifiant,complet@5,4,1.0,1.0,1.0
100,dense_e5,style_identifiant,abstention_a_tort,4,0.0,0.0,0.0
100,dense_e5,style_indirecte,r@1,45,0.3778,0.2444,0.5333
100,dense_e5,style_indirecte,r@5,45,0.7333,0.6,0.8667
100,dense_e5,style_indirecte,mrr,45,0.5311,0.4188,0.654
100,dense_e5,style_indirecte,ndcg@10,45,0.6019,0.4946,0.7129
100,dense_e5,style_indirecte,complet@5,45,0.7333,0.6,0.8667
100,dense_e5,style_indirecte,abstention_a_tort,45,0.0,0.0,0.0
100,dense_e5,style_paraphrase,r@1,41,0.8049,0.6829,0.9268
100,dense_e5,style_paraphrase,r@5,41,0.9756,0.9268,1.0
100,dense_e5,style_paraphrase,mrr,41,0.8699,0.7845,0.9492
100,dense_e5,style_paraphrase,ndcg@10,41,0.8964,0.8231,0.9608
100,dense_e5,style_paraphrase,complet@5,41,0.9756,0.9268,1.0
100,dense_e5,style_paraphrase,abstention_a_tort,41,0.0,0.0,0.0
100,dense_e5,temporal,r@1,24,0.2917,0.125,0.5
100,dense_e5,temporal,r@5,24,1.0,1.0,1.0
100,dense_e5,temporal,mrr,24,0.6181,0.5208,0.7222
100,dense_e5,temporal,ndcg@10,24,0.7168,0.6443,0.7946
100,dense_e5,temporal,complet@5,24,1.0,1.0,1.0
100,dense_e5,temporal,abstention_a_tort,24,0.0,0.0,0.0
100,dense_e5,temporal,a_jour@5,24,0.3333,0.1667,0.5417
100,dense_e5,temporal,perime_en_tete,24,0.6667,0.4583,0.8333
100,dense_e5,toutes_avec_reponse,r@1,183,0.5628,0.4945,0.6311
100,dense_e5,toutes_avec_reponse,r@5,183,0.8607,0.8115,0.9016
100,dense_e5,toutes_avec_reponse,mrr,183,0.7418,0.6921,0.7922
100,dense_e5,toutes_avec_reponse,ndcg@10,183,0.7622,0.7187,0.8044
100,dense_e5,toutes_avec_reponse,complet@5,183,0.8197,0.7596,0.8743
100,dense_e5,toutes_avec_reponse,abstention_a_tort,183,0.0,0.0,0.0
100,dense_e5,toutes_avec_reponse,a_jour@5,24,0.3333,0.1667,0.5417
100,dense_e5,toutes_avec_reponse,perime_en_tete,24,0.6667,0.4583,0.8333
100,dense_e5,unanswerable,abstention_ok,40,0.0,0.0,0.0
100,pryzm_actuel,multihop,r@1,24,0.4375,0.3542,0.5
100,pryzm_actuel,multihop,r@5,24,0.6458,0.5625,0.75
100,pryzm_actuel,multihop,mrr,24,0.9201,0.8228,1.0
100,pryzm_actuel,multihop,ndcg@10,24,0.6982,0.6314,0.7687
100,pryzm_actuel,multihop,complet@5,24,0.2917,0.125,0.5
100,pryzm_actuel,multihop,abstention_a_tort,24,0.0,0.0,0.0
100,pryzm_actuel,sans_reponse,abstention_ok,40,0.0,0.0,0.0
100,pryzm_actuel,simple,r@1,135,0.7037,0.6222,0.7778
100,pryzm_actuel,simple,r@5,135,0.837,0.7704,0.8963
100,pryzm_actuel,simple,mrr,135,0.7619,0.6916,0.825
100,pryzm_actuel,simple,ndcg@10,135,0.7956,0.7321,0.8514
100,pryzm_actuel,simple,complet@5,135,0.837,0.7704,0.8963
100,pryzm_actuel,simple,abstention_a_tort,135,0.0,0.0,0.0
100,pryzm_actuel,style_crosslingue,r@1,45,0.8889,0.7778,0.9778
100,pryzm_actuel,style_crosslingue,r@5,45,0.9556,0.8889,1.0
100,pryzm_actuel,style_crosslingue,mrr,45,0.9146,0.8361,0.9778
100,pryzm_actuel,style_crosslingue,ndcg@10,45,0.9296,0.8636,0.9836
100,pryzm_actuel,style_crosslingue,complet@5,45,0.9556,0.8889,1.0
100,pryzm_actuel,style_crosslingue,abstention_a_tort,45,0.0,0.0,0.0
100,pryzm_actuel,style_identifiant,r@1,4,1.0,1.0,1.0
100,pryzm_actuel,style_identifiant,r@5,4,1.0,1.0,1.0
100,pryzm_actuel,style_identifiant,mrr,4,1.0,1.0,1.0
100,pryzm_actuel,style_identifiant,ndcg@10,4,1.0,1.0,1.0
100,pryzm_actuel,style_identifiant,complet@5,4,1.0,1.0,1.0
100,pryzm_actuel,style_identifiant,abstention_a_tort,4,0.0,0.0,0.0
100,pryzm_actuel,style_indirecte,r@1,45,0.4444,0.3111,0.6
100,pryzm_actuel,style_indirecte,r@5,45,0.6444,0.4889,0.7778
100,pryzm_actuel,style_indirecte,mrr,45,0.5427,0.4196,0.6693
100,pryzm_actuel,style_indirecte,ndcg@10,45,0.6032,0.4842,0.7163
100,pryzm_actuel,style_indirecte,complet@5,45,0.6444,0.4889,0.7778
100,pryzm_actuel,style_indirecte,abstention_a_tort,45,0.0,0.0,0.0
100,pryzm_actuel,style_paraphrase,r@1,41,0.7561,0.6098,0.878
100,pryzm_actuel,style_paraphrase,r@5,41,0.9024,0.8049,0.9756
100,pryzm_actuel,style_paraphrase,mrr,41,0.8118,0.7008,0.9106
100,pryzm_actuel,style_paraphrase,ndcg@10,41,0.8399,0.7383,0.9273
100,pryzm_actuel,style_paraphrase,complet@5,41,0.9024,0.8049,0.9756
100,pryzm_actuel,style_paraphrase,abstention_a_tort,41,0.0,0.0,0.0
100,pryzm_actuel,temporal,r@1,24,0.2917,0.125,0.4583
100,pryzm_actuel,temporal,r@5,24,0.9583,0.875,1.0
100,pryzm_actuel,temporal,mrr,24,0.5882,0.475,0.7049
100,pryzm_actuel,temporal,ndcg@10,24,0.6829,0.5867,0.779
100,pryzm_actuel,temporal,complet@5,24,0.9583,0.875,1.0
100,pryzm_actuel,temporal,abstention_a_tort,24,0.0,0.0,0.0
100,pryzm_actuel,temporal,a_jour@5,24,0.2917,0.125,0.4583
100,pryzm_actuel,temporal,perime_en_tete,24,0.7083,0.5417,0.875
100,pryzm_actuel,toutes_avec_reponse,r@1,183,0.6148,0.5464,0.6803
100,pryzm_actuel,toutes_avec_reponse,r@5,183,0.8279,0.776,0.877
100,pryzm_actuel,toutes_avec_reponse,mrr,183,0.7599,0.7067,0.8088
100,pryzm_actuel,toutes_avec_reponse,ndcg@10,183,0.7681,0.7216,0.8117
100,pryzm_actuel,toutes_avec_reponse,complet@5,183,0.7814,0.7213,0.8361
100,pryzm_actuel,toutes_avec_reponse,abstention_a_tort,183,0.0,0.0,0.0
100,pryzm_actuel,toutes_avec_reponse,a_jour@5,24,0.2917,0.125,0.4583
100,pryzm_actuel,toutes_avec_reponse,perime_en_tete,24,0.7083,0.5417,0.875
100,pryzm_actuel,unanswerable,abstention_ok,40,0.0,0.0,0.0
100,pryzm_hybride,multihop,r@1,24,0.4375,0.3542,0.5
100,pryzm_hybride,multihop,r@5,24,0.6458,0.5625,0.75
100,pryzm_hybride,multihop,mrr,24,0.9201,0.8228,1.0
100,pryzm_hybride,multihop,ndcg@10,24,0.6982,0.6314,0.7687
100,pryzm_hybride,multihop,complet@5,24,0.2917,0.125,0.5
100,pryzm_hybride,multihop,abstention_a_tort,24,0.0,0.0,0.0
100,pryzm_hybride,sans_reponse,abstention_ok,40,0.0,0.0,0.0
100,pryzm_hybride,simple,r@1,135,0.7037,0.6222,0.7778
100,pryzm_hybride,simple,r@5,135,0.837,0.7704,0.8963
100,pryzm_hybride,simple,mrr,135,0.7619,0.6916,0.825
100,pryzm_hybride,simple,ndcg@10,135,0.7956,0.7321,0.8514
100,pryzm_hybride,simple,complet@5,135,0.837,0.7704,0.8963
100,pryzm_hybride,simple,abstention_a_tort,135,0.0,0.0,0.0
100,pryzm_hybride,style_crosslingue,r@1,45,0.8889,0.7778,0.9778
100,pryzm_hybride,style_crosslingue,r@5,45,0.9556,0.8889,1.0
100,pryzm_hybride,style_crosslingue,mrr,45,0.9146,0.8361,0.9778
100,pryzm_hybride,style_crosslingue,ndcg@10,45,0.9296,0.8636,0.9836
100,pryzm_hybride,style_crosslingue,complet@5,45,0.9556,0.8889,1.0
100,pryzm_hybride,style_crosslingue,abstention_a_tort,45,0.0,0.0,0.0
100,pryzm_hybride,style_identifiant,r@1,4,1.0,1.0,1.0
100,pryzm_hybride,style_identifiant,r@5,4,1.0,1.0,1.0
100,pryzm_hybride,style_identifiant,mrr,4,1.0,1.0,1.0
100,pryzm_hybride,style_identifiant,ndcg@10,4,1.0,1.0,1.0
100,pryzm_hybride,style_identifiant,complet@5,4,1.0,1.0,1.0
100,pryzm_hybride,style_identifiant,abstention_a_tort,4,0.0,0.0,0.0
100,pryzm_hybride,style_indirecte,r@1,45,0.4444,0.3111,0.6
100,pryzm_hybride,style_indirecte,r@5,45,0.6444,0.4889,0.7778
100,pryzm_hybride,style_indirecte,mrr,45,0.5427,0.4196,0.6693
100,pryzm_hybride,style_indirecte,ndcg@10,45,0.6032,0.4842,0.7163
100,pryzm_hybride,style_indirecte,complet@5,45,0.6444,0.4889,0.7778
100,pryzm_hybride,style_indirecte,abstention_a_tort,45,0.0,0.0,0.0
100,pryzm_hybride,style_paraphrase,r@1,41,0.7561,0.6098,0.878
100,pryzm_hybride,style_paraphrase,r@5,41,0.9024,0.8049,0.9756
100,pryzm_hybride,style_paraphrase,mrr,41,0.8118,0.7008,0.9106
100,pryzm_hybride,style_paraphrase,ndcg@10,41,0.8399,0.7383,0.9273
100,pryzm_hybride,style_paraphrase,complet@5,41,0.9024,0.8049,0.9756
100,pryzm_hybride,style_paraphrase,abstention_a_tort,41,0.0,0.0,0.0
100,pryzm_hybride,temporal,r@1,24,0.2917,0.125,0.4583
100,pryzm_hybride,temporal,r@5,24,0.9583,0.875,1.0
100,pryzm_hybride,temporal,mrr,24,0.5882,0.475,0.7049
100,pryzm_hybride,temporal,ndcg@10,24,0.6829,0.5867,0.779
100,pryzm_hybride,temporal,complet@5,24,0.9583,0.875,1.0
100,pryzm_hybride,temporal,abstention_a_tort,24,0.0,0.0,0.0
100,pryzm_hybride,temporal,a_jour@5,24,0.2917,0.125,0.4583
100,pryzm_hybride,temporal,perime_en_tete,24,0.7083,0.5417,0.875
100,pryzm_hybride,toutes_avec_reponse,r@1,183,0.6148,0.5464,0.6803
100,pryzm_hybride,toutes_avec_reponse,r@5,183,0.8279,0.776,0.877
100,pryzm_hybride,toutes_avec_reponse,mrr,183,0.7599,0.7067,0.8088
100,pryzm_hybride,toutes_avec_reponse,ndcg@10,183,0.7681,0.7216,0.8117
100,pryzm_hybride,toutes_avec_reponse,complet@5,183,0.7814,0.7213,0.8361
100,pryzm_hybride,toutes_avec_reponse,abstention_a_tort,183,0.0,0.0,0.0
100,pryzm_hybride,toutes_avec_reponse,a_jour@5,24,0.2917,0.125,0.4583
100,pryzm_hybride,toutes_avec_reponse,perime_en_tete,24,0.7083,0.5417,0.875
100,pryzm_hybride,unanswerable,abstention_ok,40,0.0,0.0,0.0
100,pryzm_passage,multihop,r@1,24,0.4167,0.3333,0.4792
100,pryzm_passage,multihop,r@5,24,0.625,0.5208,0.7292
100,pryzm_passage,multihop,mrr,24,0.8785,0.7431,0.9792
100,pryzm_passage,multihop,ndcg@10,24,0.6834,0.5868,0.7707
100,pryzm_passage,multihop,complet@5,24,0.2917,0.125,0.5
100,pryzm_passage,multihop,abstention_a_tort,24,0.0,0.0,0.0
100,pryzm_passage,sans_reponse,abstention_ok,40,0.0,0.0,0.0
100,pryzm_passage,simple,r@1,135,0.6889,0.6074,0.763
100,pryzm_passage,simple,r@5,135,0.837,0.7704,0.8963
100,pryzm_passage,simple,mrr,135,0.7537,0.6861,0.8163
100,pryzm_passage,simple,ndcg@10,135,0.7865,0.7247,0.8437
100,pryzm_passage,simple,complet@5,135,0.837,0.7704,0.8963
100,pryzm_passage,simple,abstention_a_tort,135,0.0,0.0,0.0
100,pryzm_passage,style_crosslingue,r@1,45,0.8667,0.7556,0.9556
100,pryzm_passage,style_crosslingue,r@5,45,0.9556,0.8889,1.0
100,pryzm_passage,style_crosslingue,mrr,45,0.9074,0.8259,0.9667
100,pryzm_passage,style_crosslingue,ndcg@10,45,0.9198,0.8426,0.9754
100,pryzm_passage,style_crosslingue,complet@5,45,0.9556,0.8889,1.0
100,pryzm_passage,style_crosslingue,abstention_a_tort,45,0.0,0.0,0.0
100,pryzm_passage,style_identifiant,r@1,4,1.0,1.0,1.0
100,pryzm_passage,style_identifiant,r@5,4,1.0,1.0,1.0
100,pryzm_passage,style_identifiant,mrr,4,1.0,1.0,1.0
100,pryzm_passage,style_identifiant,ndcg@10,4,1.0,1.0,1.0
100,pryzm_passage,style_identifiant,complet@5,4,1.0,1.0,1.0
100,pryzm_passage,style_identifiant,abstention_a_tort,4,0.0,0.0,0.0
100,pryzm_passage,style_indirecte,r@1,45,0.4222,0.2667,0.5778
100,pryzm_passage,style_indirecte,r@5,45,0.6444,0.4889,0.7778
100,pryzm_passage,style_indirecte,mrr,45,0.5227,0.396,0.6486
100,pryzm_passage,style_indirecte,ndcg@10,45,0.5785,0.4578,0.696
100,pryzm_passage,style_indirecte,complet@5,45,0.6444,0.4889,0.7778
100,pryzm_passage,style_indirecte,abstention_a_tort,45,0.0,0.0,0.0
100,pryzm_passage,style_paraphrase,r@1,41,0.7561,0.6098,0.878
100,pryzm_passage,style_paraphrase,r@5,41,0.9024,0.8049,0.9756
100,pryzm_passage,style_paraphrase,mrr,41,0.8145,0.7047,0.9106
100,pryzm_passage,style_paraphrase,ndcg@10,41,0.8476,0.7533,0.9283
100,pryzm_passage,style_paraphrase,complet@5,41,0.9024,0.8049,0.9756
100,pryzm_passage,style_paraphrase,abstention_a_tort,41,0.0,0.0,0.0
100,pryzm_passage,temporal,r@1,24,0.2917,0.125,0.4583
100,pryzm_passage,temporal,r@5,24,0.9583,0.875,1.0
100,pryzm_passage,temporal,mrr,24,0.5917,0.4805,0.7083
100,pryzm_passage,temporal,ndcg@10,24,0.6858,0.5922,0.7793
100,pryzm_passage,temporal,complet@5,24,0.9583,0.875,1.0
100,pryzm_passage,temporal,abstention_a_tort,24,0.0,0.0,0.0
100,pryzm_passage,temporal,a_jour@5,24,0.2917,0.125,0.4583
100,pryzm_passage,temporal,perime_en_tete,24,0.7083,0.5417,0.875
100,pryzm_passage,toutes_avec_reponse,r@1,183,0.6011,0.5328,0.6639
100,pryzm_passage,toutes_avec_reponse,r@5,183,0.8251,0.7732,0.8744
100,pryzm_passage,toutes_avec_reponse,mrr,183,0.7488,0.6953,0.7992
100,pryzm_passage,toutes_avec_reponse,ndcg@10,183,0.7597,0.7126,0.8042
100,pryzm_passage,toutes_avec_reponse,complet@5,183,0.7814,0.7213,0.8415
100,pryzm_passage,toutes_avec_reponse,abstention_a_tort,183,0.0,0.0,0.0
100,pryzm_passage,toutes_avec_reponse,a_jour@5,24,0.2917,0.125,0.4583
100,pryzm_passage,toutes_avec_reponse,perime_en_tete,24,0.7083,0.5417,0.875
100,pryzm_passage,unanswerable,abstention_ok,40,0.0,0.0,0.0
100,pryzm_sans_rerank,multihop,r@1,24,0.0,0.0,0.0
100,pryzm_sans_rerank,multihop,r@5,24,0.0833,0.0208,0.1667
100,pryzm_sans_rerank,multihop,mrr,24,0.073,0.033,0.1189
100,pryzm_sans_rerank,multihop,ndcg@10,24,0.0952,0.0441,0.1555
100,pryzm_sans_rerank,multihop,complet@5,24,0.0,0.0,0.0
100,pryzm_sans_rerank,multihop,abstention_a_tort,24,0.0,0.0,0.0
100,pryzm_sans_rerank,sans_reponse,abstention_ok,40,0.0,0.0,0.0
100,pryzm_sans_rerank,simple,r@1,135,0.1111,0.0593,0.163
100,pryzm_sans_rerank,simple,r@5,135,0.4444,0.363,0.5259
100,pryzm_sans_rerank,simple,mrr,135,0.2418,0.1927,0.2994
100,pryzm_sans_rerank,simple,ndcg@10,135,0.3138,0.2575,0.3721
100,pryzm_sans_rerank,simple,complet@5,135,0.4444,0.363,0.5259
100,pryzm_sans_rerank,simple,abstention_a_tort,135,0.0,0.0,0.0
100,pryzm_sans_rerank,style_crosslingue,r@1,45,0.1556,0.0667,0.2667
100,pryzm_sans_rerank,style_crosslingue,r@5,45,0.5333,0.4,0.6667
100,pryzm_sans_rerank,style_crosslingue,mrr,45,0.3078,0.2143,0.413
100,pryzm_sans_rerank,style_crosslingue,ndcg@10,45,0.3794,0.2806,0.4857
100,pryzm_sans_rerank,style_crosslingue,complet@5,45,0.5333,0.4,0.6667
100,pryzm_sans_rerank,style_crosslingue,abstention_a_tort,45,0.0,0.0,0.0
100,pryzm_sans_rerank,style_identifiant,r@1,4,0.0,0.0,0.0
100,pryzm_sans_rerank,style_identifiant,r@5,4,0.0,0.0,0.0
100,pryzm_sans_rerank,style_identifiant,mrr,4,0.0357,0.0,0.1071
100,pryzm_sans_rerank,style_identifiant,ndcg@10,4,0.0833,0.0,0.25
100,pryzm_sans_rerank,style_identifiant,complet@5,4,0.0,0.0,0.0
100,pryzm_sans_rerank,style_identifiant,abstention_a_tort,4,0.0,0.0,0.0
100,pryzm_sans_rerank,style_indirecte,r@1,45,0.0889,0.0222,0.1778
100,pryzm_sans_rerank,style_indirecte,r@5,45,0.3778,0.2222,0.5111
100,pryzm_sans_rerank,style_indirecte,mrr,45,0.1876,0.1049,0.2799
100,pryzm_sans_rerank,style_indirecte,ndcg@10,45,0.2442,0.1518,0.3406
100,pryzm_sans_rerank,style_indirecte,complet@5,45,0.3778,0.2222,0.5111
100,pryzm_sans_rerank,style_indirecte,abstention_a_tort,45,0.0,0.0,0.0
100,pryzm_sans_rerank,style_paraphrase,r@1,41,0.0976,0.0244,0.1951
100,pryzm_sans_rerank,style_paraphrase,r@5,41,0.4634,0.3171,0.6098
100,pryzm_sans_rerank,style_paraphrase,mrr,41,0.2489,0.1629,0.341
100,pryzm_sans_rerank,style_paraphrase,ndcg@10,41,0.3405,0.2438,0.438
100,pryzm_sans_rerank,style_paraphrase,complet@5,41,0.4634,0.3171,0.6098
100,pryzm_sans_rerank,style_paraphrase,abstention_a_tort,41,0.0,0.0,0.0
100,pryzm_sans_rerank,temporal,r@1,24,0.0,0.0,0.0
100,pryzm_sans_rerank,temporal,r@5,24,0.375,0.2073,0.5833
100,pryzm_sans_rerank,temporal,mrr,24,0.1821,0.1394,0.226
100,pryzm_sans_rerank,temporal,ndcg@10,24,0.3421,0.2798,0.3963
100,pryzm_sans_rerank,temporal,complet@5,24,0.375,0.2073,0.5833
100,pryzm_sans_rerank,temporal,abstention_a_tort,24,0.0,0.0,0.0
100,pryzm_sans_rerank,temporal,a_jour@5,24,0.375,0.2073,0.5833
100,pryzm_sans_rerank,temporal,perime_en_tete,24,0.0,0.0,0.0
100,pryzm_sans_rerank,toutes_avec_reponse,r@1,183,0.082,0.0437,0.1202
100,pryzm_sans_rerank,toutes_avec_reponse,r@5,183,0.388,0.3197,0.4563
100,pryzm_sans_rerank,toutes_avec_reponse,mrr,183,0.2118,0.1725,0.2533
100,pryzm_sans_rerank,toutes_avec_reponse,ndcg@10,183,0.2888,0.2464,0.334
100,pryzm_sans_rerank,toutes_avec_reponse,complet@5,183,0.377,0.306,0.4426
100,pryzm_sans_rerank,toutes_avec_reponse,abstention_a_tort,183,0.0,0.0,0.0
100,pryzm_sans_rerank,toutes_avec_reponse,a_jour@5,24,0.375,0.2073,0.5833
100,pryzm_sans_rerank,toutes_avec_reponse,perime_en_tete,24,0.0,0.0,0.0
100,pryzm_sans_rerank,unanswerable,abstention_ok,40,0.0,0.0,0.0
250,bm25,multihop,r@1,24,0.3958,0.3125,0.4583
250,bm25,multihop,r@5,24,0.4792,0.375,0.5833
250,bm25,multihop,mrr,24,0.8149,0.6628,0.9444
250,bm25,multihop,ndcg@10,24,0.5939,0.483,0.698
250,bm25,multihop,complet@5,24,0.125,0.0,0.25
250,bm25,multihop,abstention_a_tort,24,0.0833,0.0,0.2083
250,bm25,sans_reponse,abstention_ok,40,0.575,0.425,0.725
250,bm25,simple,r@1,135,0.4296,0.3481,0.5111
250,bm25,simple,r@5,135,0.5407,0.4593,0.6222
250,bm25,simple,mrr,135,0.4684,0.3906,0.5472
250,bm25,simple,ndcg@10,135,0.488,0.4111,0.5668
250,bm25,simple,complet@5,135,0.5407,0.4593,0.6222
250,bm25,simple,abstention_a_tort,135,0.1259,0.0741,0.1852
250,bm25,style_crosslingue,r@1,45,0.3333,0.2,0.4889
250,bm25,style_crosslingue,r@5,45,0.4222,0.2889,0.5778
250,bm25,style_crosslingue,mrr,45,0.3611,0.2352,0.5019
250,bm25,style_crosslingue,ndcg@10,45,0.3762,0.254,0.5192
250,bm25,style_crosslingue,complet@5,45,0.4222,0.2889,0.5778
250,bm25,style_crosslingue,abstention_a_tort,45,0.2444,0.1333,0.3778
250,bm25,style_identifiant,r@1,4,1.0,1.0,1.0
250,bm25,style_identifiant,r@5,4,1.0,1.0,1.0
250,bm25,style_identifiant,mrr,4,1.0,1.0,1.0
250,bm25,style_identifiant,ndcg@10,4,1.0,1.0,1.0
250,bm25,style_identifiant,complet@5,4,1.0,1.0,1.0
250,bm25,style_identifiant,abstention_a_tort,4,0.0,0.0,0.0
250,bm25,style_indirecte,r@1,45,0.1778,0.0667,0.3111
250,bm25,style_indirecte,r@5,45,0.4,0.2667,0.5556
250,bm25,style_indirecte,mrr,45,0.2552,0.1507,0.3748
250,bm25,style_indirecte,ndcg@10,45,0.2909,0.1851,0.4144
250,bm25,style_indirecte,complet@5,45,0.4,0.2667,0.5556
250,bm25,style_indirecte,abstention_a_tort,45,0.1111,0.0222,0.2222
250,bm25,style_paraphrase,r@1,41,0.7561,0.6341,0.878
250,bm25,style_paraphrase,r@5,41,0.7805,0.6585,0.9024
250,bm25,style_paraphrase,mrr,41,0.7683,0.6422,0.8902
250,bm25,style_paraphrase,ndcg@10,41,0.777,0.6515,0.8989
250,bm25,style_paraphrase,complet@5,41,0.7805,0.6585,0.9024
250,bm25,style_paraphrase,abstention_a_tort,41,0.0244,0.0,0.0732
250,bm25,temporal,r@1,24,0.0833,0.0,0.2083
250,bm25,temporal,r@5,24,0.4583,0.25,0.6667
250,bm25,temporal,mrr,24,0.2976,0.1865,0.4226
250,bm25,temporal,ndcg@10,24,0.3877,0.2628,0.5206
250,bm25,temporal,complet@5,24,0.4583,0.25,0.6667
250,bm25,temporal,abstention_a_tort,24,0.125,0.0,0.25
250,bm25,temporal,a_jour@5,24,0.0833,0.0,0.2083
250,bm25,temporal,perime_en_tete,24,0.625,0.4167,0.7917
250,bm25,toutes_avec_reponse,r@1,183,0.3798,0.3169,0.4426
250,bm25,toutes_avec_reponse,r@5,183,0.5219,0.4536,0.5929
250,bm25,toutes_avec_reponse,mrr,183,0.4914,0.4251,0.5548
250,bm25,toutes_avec_reponse,ndcg@10,183,0.4887,0.4264,0.5485
250,bm25,toutes_avec_reponse,complet@5,183,0.4754,0.4042,0.5464
250,bm25,toutes_avec_reponse,abstention_a_tort,183,0.1202,0.0765,0.1694
250,bm25,toutes_avec_reponse,a_jour@5,24,0.0833,0.0,0.2083
250,bm25,toutes_avec_reponse,perime_en_tete,24,0.625,0.4167,0.7917
250,bm25,unanswerable,abstention_ok,40,0.575,0.425,0.725
250,contexte_2000,multihop,present_dans_contexte,24,0.0,0.0,0.0
250,contexte_2000,simple,present_dans_contexte,135,0.0444,0.0148,0.0815
250,contexte_2000,style_crosslingue,present_dans_contexte,45,0.0444,0.0,0.1111
250,contexte_2000,style_identifiant,present_dans_contexte,4,0.0,0.0,0.0
250,contexte_2000,style_indirecte,present_dans_contexte,45,0.0444,0.0,0.1111
250,contexte_2000,style_paraphrase,present_dans_contexte,41,0.0488,0.0,0.122
250,contexte_2000,temporal,present_dans_contexte,24,0.8333,0.6667,0.9583
250,contexte_2000,toutes_avec_reponse,present_dans_contexte,183,0.1421,0.0929,0.1967
250,contexte_20000,multihop,present_dans_contexte,24,1.0,1.0,1.0
250,contexte_20000,simple,present_dans_contexte,135,1.0,1.0,1.0
250,contexte_20000,style_crosslingue,present_dans_contexte,45,1.0,1.0,1.0
250,contexte_20000,style_identifiant,present_dans_contexte,4,1.0,1.0,1.0
250,contexte_20000,style_indirecte,present_dans_contexte,45,1.0,1.0,1.0
250,contexte_20000,style_paraphrase,present_dans_contexte,41,1.0,1.0,1.0
250,contexte_20000,temporal,present_dans_contexte,24,1.0,1.0,1.0
250,contexte_20000,toutes_avec_reponse,present_dans_contexte,183,1.0,1.0,1.0
250,contexte_6000,multihop,present_dans_contexte,24,0.1667,0.0417,0.3333
250,contexte_6000,simple,present_dans_contexte,135,0.3778,0.2963,0.4593
250,contexte_6000,style_crosslingue,present_dans_contexte,45,0.3778,0.2444,0.5111
250,contexte_6000,style_identifiant,present_dans_contexte,4,0.25,0.0,0.75
250,contexte_6000,style_indirecte,present_dans_contexte,45,0.3778,0.2444,0.5111
250,contexte_6000,style_paraphrase,present_dans_contexte,41,0.3902,0.2439,0.561
250,contexte_6000,temporal,present_dans_contexte,24,1.0,1.0,1.0
250,contexte_6000,toutes_avec_reponse,present_dans_contexte,183,0.4317,0.3607,0.5027
250,dense_e5,multihop,r@1,24,0.375,0.2917,0.4583
250,dense_e5,multihop,r@5,24,0.6042,0.5,0.7083
250,dense_e5,multihop,mrr,24,0.8333,0.7083,0.9479
250,dense_e5,multihop,ndcg@10,24,0.6265,0.5581,0.6957
250,dense_e5,multihop,complet@5,24,0.25,0.0833,0.4167
250,dense_e5,multihop,abstention_a_tort,24,0.0,0.0,0.0
250,dense_e5,sans_reponse,abstention_ok,40,0.0,0.0,0.0
250,dense_e5,simple,r@1,135,0.5778,0.4963,0.6593
250,dense_e5,simple,r@5,135,0.8074,0.7407,0.8741
250,dense_e5,simple,mrr,135,0.6778,0.6124,0.7419
250,dense_e5,simple,ndcg@10,135,0.7268,0.6684,0.7851
250,dense_e5,simple,complet@5,135,0.8074,0.7407,0.8741
250,dense_e5,simple,abstention_a_tort,135,0.0,0.0,0.0
250,dense_e5,style_crosslingue,r@1,45,0.6889,0.5556,0.8222
250,dense_e5,style_crosslingue,r@5,45,0.8444,0.7333,0.9333
250,dense_e5,style_crosslingue,mrr,45,0.7631,0.6533,0.8666
250,dense_e5,style_crosslingue,ndcg@10,45,0.8076,0.711,0.8938
250,dense_e5,style_crosslingue,complet@5,45,0.8444,0.7333,0.9333
250,dense_e5,style_crosslingue,abstention_a_tort,45,0.0,0.0,0.0
250,dense_e5,style_identifiant,r@1,4,1.0,1.0,1.0
250,dense_e5,style_identifiant,r@5,4,1.0,1.0,1.0
250,dense_e5,style_identifiant,mrr,4,1.0,1.0,1.0
250,dense_e5,style_identifiant,ndcg@10,4,1.0,1.0,1.0
250,dense_e5,style_identifiant,complet@5,4,1.0,1.0,1.0
250,dense_e5,style_identifiant,abstention_a_tort,4,0.0,0.0,0.0
250,dense_e5,style_indirecte,r@1,45,0.2667,0.1556,0.4
250,dense_e5,style_indirecte,r@5,45,0.6222,0.4667,0.7556
250,dense_e5,style_indirecte,mrr,45,0.4168,0.3093,0.5399
250,dense_e5,style_indirecte,ndcg@10,45,0.4931,0.3866,0.6075
250,dense_e5,style_indirecte,complet@5,45,0.6222,0.4667,0.7556
250,dense_e5,style_indirecte,abstention_a_tort,45,0.0,0.0,0.0
250,dense_e5,style_paraphrase,r@1,41,0.7561,0.6341,0.878
250,dense_e5,style_paraphrase,r@5,41,0.9512,0.878,1.0
250,dense_e5,style_paraphrase,mrr,41,0.8394,0.7499,0.9268
250,dense_e5,style_paraphrase,ndcg@10,41,0.8679,0.7858,0.9411
250,dense_e5,style_paraphrase,complet@5,41,0.9512,0.878,1.0
250,dense_e5,style_paraphrase,abstention_a_tort,41,0.0,0.0,0.0
250,dense_e5,temporal,r@1,24,0.2917,0.125,0.5
250,dense_e5,temporal,r@5,24,1.0,1.0,1.0
250,dense_e5,temporal,mrr,24,0.6181,0.5208,0.7222
250,dense_e5,temporal,ndcg@10,24,0.7168,0.6443,0.7946
250,dense_e5,temporal,complet@5,24,1.0,1.0,1.0
250,dense_e5,temporal,abstention_a_tort,24,0.0,0.0,0.0
250,dense_e5,temporal,a_jour@5,24,0.3333,0.1667,0.5417
250,dense_e5,temporal,perime_en_tete,24,0.6667,0.4583,0.8333
250,dense_e5,toutes_avec_reponse,r@1,183,0.5137,0.4454,0.5793
250,dense_e5,toutes_avec_reponse,r@5,183,0.806,0.7514,0.8579
250,dense_e5,toutes_avec_reponse,mrr,183,0.6904,0.6345,0.7433
250,dense_e5,toutes_avec_reponse,ndcg@10,183,0.7123,0.6648,0.7569
250,dense_e5,toutes_avec_reponse,complet@5,183,0.7596,0.694,0.8197
250,dense_e5,toutes_avec_reponse,abstention_a_tort,183,0.0,0.0,0.0
250,dense_e5,toutes_avec_reponse,a_jour@5,24,0.3333,0.1667,0.5417
250,dense_e5,toutes_avec_reponse,perime_en_tete,24,0.6667,0.4583,0.8333
250,dense_e5,unanswerable,abstention_ok,40,0.0,0.0,0.0
250,pryzm_actuel,multihop,r@1,24,0.4375,0.3542,0.5
250,pryzm_actuel,multihop,r@5,24,0.6042,0.5208,0.6875
250,pryzm_actuel,multihop,mrr,24,0.9181,0.8166,1.0
250,pryzm_actuel,multihop,ndcg@10,24,0.6625,0.6031,0.7297
250,pryzm_actuel,multihop,complet@5,24,0.2083,0.0417,0.375
250,pryzm_actuel,multihop,abstention_a_tort,24,0.0,0.0,0.0
250,pryzm_actuel,sans_reponse,abstention_ok,40,0.0,0.0,0.0
250,pryzm_actuel,simple,r@1,135,0.6815,0.6,0.763
250,pryzm_actuel,simple,r@5,135,0.8148,0.7407,0.8815
250,pryzm_actuel,simple,mrr,135,0.7353,0.6637,0.8021
250,pryzm_actuel,simple,ndcg@10,135,0.7651,0.6971,0.8271
250,pryzm_actuel,simple,complet@5,135,0.8148,0.7407,0.8815
250,pryzm_actuel,simple,abstention_a_tort,135,0.0,0.0,0.0
250,pryzm_actuel,style_crosslingue,r@1,45,0.8444,0.7333,0.9333
250,pryzm_actuel,style_crosslingue,r@5,45,0.9111,0.8222,0.9778
250,pryzm_actuel,style_crosslingue,mrr,45,0.8693,0.7729,0.9489
250,pryzm_actuel,style_crosslingue,ndcg@10,45,0.8845,0.7962,0.956
250,pryzm_actuel,style_crosslingue,complet@5,45,0.9111,0.8222,0.9778
250,pryzm_actuel,style_crosslingue,abstention_a_tort,45,0.0,0.0,0.0
250,pryzm_actuel,style_identifiant,r@1,4,1.0,1.0,1.0
250,pryzm_actuel,style_identifiant,r@5,4,1.0,1.0,1.0
250,pryzm_actuel,style_identifiant,mrr,4,1.0,1.0,1.0
250,pryzm_actuel,style_identifiant,ndcg@10,4,1.0,1.0,1.0
250,pryzm_actuel,style_identifiant,complet@5,4,1.0,1.0,1.0
250,pryzm_actuel,style_identifiant,abstention_a_tort,4,0.0,0.0,0.0
250,pryzm_actuel,style_indirecte,r@1,45,0.4222,0.2883,0.5778
250,pryzm_actuel,style_indirecte,r@5,45,0.6222,0.4667,0.7556
250,pryzm_actuel,style_indirecte,mrr,45,0.4985,0.3698,0.6306
250,pryzm_actuel,style_indirecte,ndcg@10,45,0.5442,0.4166,0.6698
250,pryzm_actuel,style_indirecte,complet@5,45,0.6222,0.4667,0.7556
250,pryzm_actuel,style_indirecte,abstention_a_tort,45,0.0,0.0,0.0
250,pryzm_actuel,style_paraphrase,r@1,41,0.7561,0.6098,0.878
250,pryzm_actuel,style_paraphrase,r@5,41,0.9024,0.8049,0.9756
250,pryzm_actuel,style_paraphrase,mrr,41,0.8224,0.7153,0.9177
250,pryzm_actuel,style_paraphrase,ndcg@10,41,0.8534,0.7599,0.9324
250,pryzm_actuel,style_paraphrase,complet@5,41,0.9024,0.8049,0.9756
250,pryzm_actuel,style_paraphrase,abstention_a_tort,41,0.0,0.0,0.0
250,pryzm_actuel,temporal,r@1,24,0.2917,0.125,0.4583
250,pryzm_actuel,temporal,r@5,24,0.9167,0.7917,1.0
250,pryzm_actuel,temporal,mrr,24,0.583,0.4676,0.7014
250,pryzm_actuel,temporal,ndcg@10,24,0.6781,0.5774,0.7768
250,pryzm_actuel,temporal,complet@5,24,0.9167,0.7917,1.0
250,pryzm_actuel,temporal,abstention_a_tort,24,0.0,0.0,0.0
250,pryzm_actuel,temporal,a_jour@5,24,0.2917,0.125,0.4583
250,pryzm_actuel,temporal,perime_en_tete,24,0.7083,0.5417,0.875
250,pryzm_actuel,toutes_avec_reponse,r@1,183,0.5984,0.5301,0.6639
250,pryzm_actuel,toutes_avec_reponse,r@5,183,0.8005,0.7459,0.8498
250,pryzm_actuel,toutes_avec_reponse,mrr,183,0.7393,0.6835,0.7915
250,pryzm_actuel,toutes_avec_reponse,ndcg@10,183,0.7402,0.6902,0.7872
250,pryzm_actuel,toutes_avec_reponse,complet@5,183,0.7486,0.6831,0.8087
250,pryzm_actuel,toutes_avec_reponse,abstention_a_tort,183,0.0,0.0,0.0
250,pryzm_actuel,toutes_avec_reponse,a_jour@5,24,0.2917,0.125,0.4583
250,pryzm_actuel,toutes_avec_reponse,perime_en_tete,24,0.7083,0.5417,0.875
250,pryzm_actuel,unanswerable,abstention_ok,40,0.0,0.0,0.0
250,pryzm_hybride,multihop,r@1,24,0.4375,0.3542,0.5
250,pryzm_hybride,multihop,r@5,24,0.6042,0.5208,0.6875
250,pryzm_hybride,multihop,mrr,24,0.9181,0.8166,1.0
250,pryzm_hybride,multihop,ndcg@10,24,0.6625,0.6031,0.7297
250,pryzm_hybride,multihop,complet@5,24,0.2083,0.0417,0.375
250,pryzm_hybride,multihop,abstention_a_tort,24,0.0,0.0,0.0
250,pryzm_hybride,sans_reponse,abstention_ok,40,0.0,0.0,0.0
250,pryzm_hybride,simple,r@1,135,0.6815,0.6,0.763
250,pryzm_hybride,simple,r@5,135,0.8148,0.7407,0.8815
250,pryzm_hybride,simple,mrr,135,0.7353,0.6637,0.8021
250,pryzm_hybride,simple,ndcg@10,135,0.7651,0.6971,0.8271
250,pryzm_hybride,simple,complet@5,135,0.8148,0.7407,0.8815
250,pryzm_hybride,simple,abstention_a_tort,135,0.0,0.0,0.0
250,pryzm_hybride,style_crosslingue,r@1,45,0.8444,0.7333,0.9333
250,pryzm_hybride,style_crosslingue,r@5,45,0.9111,0.8222,0.9778
250,pryzm_hybride,style_crosslingue,mrr,45,0.8693,0.7729,0.9489
250,pryzm_hybride,style_crosslingue,ndcg@10,45,0.8845,0.7962,0.956
250,pryzm_hybride,style_crosslingue,complet@5,45,0.9111,0.8222,0.9778
250,pryzm_hybride,style_crosslingue,abstention_a_tort,45,0.0,0.0,0.0
250,pryzm_hybride,style_identifiant,r@1,4,1.0,1.0,1.0
250,pryzm_hybride,style_identifiant,r@5,4,1.0,1.0,1.0
250,pryzm_hybride,style_identifiant,mrr,4,1.0,1.0,1.0
250,pryzm_hybride,style_identifiant,ndcg@10,4,1.0,1.0,1.0
250,pryzm_hybride,style_identifiant,complet@5,4,1.0,1.0,1.0
250,pryzm_hybride,style_identifiant,abstention_a_tort,4,0.0,0.0,0.0
250,pryzm_hybride,style_indirecte,r@1,45,0.4222,0.2883,0.5778
250,pryzm_hybride,style_indirecte,r@5,45,0.6222,0.4667,0.7556
250,pryzm_hybride,style_indirecte,mrr,45,0.4985,0.3698,0.6306
250,pryzm_hybride,style_indirecte,ndcg@10,45,0.5442,0.4166,0.6698
250,pryzm_hybride,style_indirecte,complet@5,45,0.6222,0.4667,0.7556
250,pryzm_hybride,style_indirecte,abstention_a_tort,45,0.0,0.0,0.0
250,pryzm_hybride,style_paraphrase,r@1,41,0.7561,0.6098,0.878
250,pryzm_hybride,style_paraphrase,r@5,41,0.9024,0.8049,0.9756
250,pryzm_hybride,style_paraphrase,mrr,41,0.8224,0.7153,0.9177
250,pryzm_hybride,style_paraphrase,ndcg@10,41,0.8534,0.7599,0.9324
250,pryzm_hybride,style_paraphrase,complet@5,41,0.9024,0.8049,0.9756
250,pryzm_hybride,style_paraphrase,abstention_a_tort,41,0.0,0.0,0.0
250,pryzm_hybride,temporal,r@1,24,0.2917,0.125,0.4583
250,pryzm_hybride,temporal,r@5,24,0.9167,0.7917,1.0
250,pryzm_hybride,temporal,mrr,24,0.583,0.4676,0.7014
250,pryzm_hybride,temporal,ndcg@10,24,0.6781,0.5774,0.7768
250,pryzm_hybride,temporal,complet@5,24,0.9167,0.7917,1.0
250,pryzm_hybride,temporal,abstention_a_tort,24,0.0,0.0,0.0
250,pryzm_hybride,temporal,a_jour@5,24,0.2917,0.125,0.4583
250,pryzm_hybride,temporal,perime_en_tete,24,0.7083,0.5417,0.875
250,pryzm_hybride,toutes_avec_reponse,r@1,183,0.5984,0.5301,0.6639
250,pryzm_hybride,toutes_avec_reponse,r@5,183,0.8005,0.7459,0.8498
250,pryzm_hybride,toutes_avec_reponse,mrr,183,0.7393,0.6835,0.7915
250,pryzm_hybride,toutes_avec_reponse,ndcg@10,183,0.7402,0.6902,0.7872
250,pryzm_hybride,toutes_avec_reponse,complet@5,183,0.7486,0.6831,0.8087
250,pryzm_hybride,toutes_avec_reponse,abstention_a_tort,183,0.0,0.0,0.0
250,pryzm_hybride,toutes_avec_reponse,a_jour@5,24,0.2917,0.125,0.4583
250,pryzm_hybride,toutes_avec_reponse,perime_en_tete,24,0.7083,0.5417,0.875
250,pryzm_hybride,unanswerable,abstention_ok,40,0.0,0.0,0.0
250,pryzm_passage,multihop,r@1,24,0.3958,0.3125,0.4792
250,pryzm_passage,multihop,r@5,24,0.5625,0.4583,0.6667
250,pryzm_passage,multihop,mrr,24,0.8462,0.7063,0.9583
250,pryzm_passage,multihop,ndcg@10,24,0.6158,0.5205,0.7028
250,pryzm_passage,multihop,complet@5,24,0.2083,0.0417,0.375
250,pryzm_passage,multihop,abstention_a_tort,24,0.0,0.0,0.0
250,pryzm_passage,sans_reponse,abstention_ok,40,0.0,0.0,0.0
250,pryzm_passage,simple,r@1,135,0.6815,0.6,0.7556
250,pryzm_passage,simple,r@5,135,0.8296,0.763,0.8889
250,pryzm_passage,simple,mrr,135,0.7417,0.6722,0.8056
250,pryzm_passage,simple,ndcg@10,135,0.7688,0.703,0.83
250,pryzm_passage,simple,complet@5,135,0.8296,0.763,0.8889
250,pryzm_passage,simple,abstention_a_tort,135,0.0,0.0,0.0
250,pryzm_passage,style_crosslingue,r@1,45,0.8444,0.7333,0.9333
250,pryzm_passage,style_crosslingue,r@5,45,0.9333,0.8444,1.0
250,pryzm_passage,style_crosslingue,mrr,45,0.8748,0.7785,0.9519
250,pryzm_passage,style_crosslingue,ndcg@10,45,0.8893,0.8004,0.9585
250,pryzm_passage,style_crosslingue,complet@5,45,0.9333,0.8444,1.0
250,pryzm_passage,style_crosslingue,abstention_a_tort,45,0.0,0.0,0.0
250,pryzm_passage,style_identifiant,r@1,4,1.0,1.0,1.0
250,pryzm_passage,style_identifiant,r@5,4,1.0,1.0,1.0
250,pryzm_passage,style_identifiant,mrr,4,1.0,1.0,1.0
250,pryzm_passage,style_identifiant,ndcg@10,4,1.0,1.0,1.0
250,pryzm_passage,style_identifiant,complet@5,4,1.0,1.0,1.0
250,pryzm_passage,style_identifiant,abstention_a_tort,4,0.0,0.0,0.0
250,pryzm_passage,style_indirecte,r@1,45,0.4222,0.2667,0.5778
250,pryzm_passage,style_indirecte,r@5,45,0.6444,0.5111,0.7778
250,pryzm_passage,style_indirecte,mrr,45,0.515,0.3833,0.6481
250,pryzm_passage,style_indirecte,ndcg@10,45,0.5576,0.428,0.6837
250,pryzm_passage,style_indirecte,complet@5,45,0.6444,0.5111,0.7778
250,pryzm_passage,style_indirecte,abstention_a_tort,45,0.0,0.0,0.0
250,pryzm_passage,style_paraphrase,r@1,41,0.7561,0.6098,0.878
250,pryzm_passage,style_paraphrase,r@5,41,0.9024,0.8049,0.9756
250,pryzm_passage,style_paraphrase,mrr,41,0.8193,0.7118,0.9146
250,pryzm_passage,style_paraphrase,ndcg@10,41,0.8457,0.7482,0.9306
250,pryzm_passage,style_paraphrase,complet@5,41,0.9024,0.8049,0.9756
250,pryzm_passage,style_paraphrase,abstention_a_tort,41,0.0,0.0,0.0
250,pryzm_passage,temporal,r@1,24,0.2917,0.125,0.4583
250,pryzm_passage,temporal,r@5,24,0.9167,0.7917,1.0
250,pryzm_passage,temporal,mrr,24,0.5837,0.468,0.7018
250,pryzm_passage,temporal,ndcg@10,24,0.6788,0.5783,0.7775
250,pryzm_passage,temporal,complet@5,24,0.9167,0.7917,1.0
250,pryzm_passage,temporal,abstention_a_tort,24,0.0,0.0,0.0
250,pryzm_passage,temporal,a_jour@5,24,0.2917,0.125,0.4583
250,pryzm_passage,temporal,perime_en_tete,24,0.7083,0.5417,0.875
250,pryzm_passage,toutes_avec_reponse,r@1,183,0.5929,0.5246,0.6585
250,pryzm_passage,toutes_avec_reponse,r@5,183,0.806,0.7514,0.8552
250,pryzm_passage,toutes_avec_reponse,mrr,183,0.7347,0.679,0.7867
250,pryzm_passage,toutes_avec_reponse,ndcg@10,183,0.7369,0.6869,0.7849
250,pryzm_passage,toutes_avec_reponse,complet@5,183,0.7596,0.6995,0.8197
250,pryzm_passage,toutes_avec_reponse,abstention_a_tort,183,0.0,0.0,0.0
250,pryzm_passage,toutes_avec_reponse,a_jour@5,24,0.2917,0.125,0.4583
250,pryzm_passage,toutes_avec_reponse,perime_en_tete,24,0.7083,0.5417,0.875
250,pryzm_passage,unanswerable,abstention_ok,40,0.0,0.0,0.0
250,pryzm_sans_rerank,multihop,r@1,24,0.0,0.0,0.0
250,pryzm_sans_rerank,multihop,r@5,24,0.0208,0.0,0.0625
250,pryzm_sans_rerank,multihop,mrr,24,0.0403,0.0139,0.0716
250,pryzm_sans_rerank,multihop,ndcg@10,24,0.0538,0.0182,0.0938
250,pryzm_sans_rerank,multihop,complet@5,24,0.0,0.0,0.0
250,pryzm_sans_rerank,multihop,abstention_a_tort,24,0.0,0.0,0.0
250,pryzm_sans_rerank,sans_reponse,abstention_ok,40,0.0,0.0,0.0
250,pryzm_sans_rerank,simple,r@1,135,0.1259,0.0741,0.1852
250,pryzm_sans_rerank,simple,r@5,135,0.437,0.3556,0.5185
250,pryzm_sans_rerank,simple,mrr,135,0.2593,0.2036,0.3181
250,pryzm_sans_rerank,simple,ndcg@10,135,0.3275,0.2697,0.3892
250,pryzm_sans_rerank,simple,complet@5,135,0.437,0.3556,0.5185
250,pryzm_sans_rerank,simple,abstention_a_tort,135,0.0,0.0,0.0
250,pryzm_sans_rerank,style_crosslingue,r@1,45,0.1333,0.0444,0.2444
250,pryzm_sans_rerank,style_crosslingue,r@5,45,0.5111,0.3778,0.645
250,pryzm_sans_rerank,style_crosslingue,mrr,45,0.2794,0.1887,0.3785
250,pryzm_sans_rerank,style_crosslingue,ndcg@10,45,0.3521,0.2556,0.4544
250,pryzm_sans_rerank,style_crosslingue,complet@5,45,0.5111,0.3778,0.645
250,pryzm_sans_rerank,style_crosslingue,abstention_a_tort,45,0.0,0.0,0.0
250,pryzm_sans_rerank,style_identifiant,r@1,4,0.0,0.0,0.0
250,pryzm_sans_rerank,style_identifiant,r@5,4,0.0,0.0,0.0
250,pryzm_sans_rerank,style_identifiant,mrr,4,0.0417,0.0,0.125
250,pryzm_sans_rerank,style_identifiant,ndcg@10,4,0.0891,0.0,0.2672
250,pryzm_sans_rerank,style_identifiant,complet@5,4,0.0,0.0,0.0
250,pryzm_sans_rerank,style_identifiant,abstention_a_tort,4,0.0,0.0,0.0
250,pryzm_sans_rerank,style_indirecte,r@1,45,0.1556,0.0667,0.2667
250,pryzm_sans_rerank,style_indirecte,r@5,45,0.3333,0.2,0.4667
250,pryzm_sans_rerank,style_indirecte,mrr,45,0.2347,0.1333,0.3458
250,pryzm_sans_rerank,style_indirecte,ndcg@10,45,0.2799,0.1712,0.3931
250,pryzm_sans_rerank,style_indirecte,complet@5,45,0.3333,0.2,0.4667
250,pryzm_sans_rerank,style_indirecte,abstention_a_tort,45,0.0,0.0,0.0
250,pryzm_sans_rerank,style_paraphrase,r@1,41,0.0976,0.0244,0.1951
250,pryzm_sans_rerank,style_paraphrase,r@5,41,0.5122,0.3652,0.6585
250,pryzm_sans_rerank,style_paraphrase,mrr,41,0.2855,0.1952,0.3792
250,pryzm_sans_rerank,style_paraphrase,ndcg@10,41,0.3759,0.2751,0.4726
250,pryzm_sans_rerank,style_paraphrase,complet@5,41,0.5122,0.3652,0.6585
250,pryzm_sans_rerank,style_paraphrase,abstention_a_tort,41,0.0,0.0,0.0
250,pryzm_sans_rerank,temporal,r@1,24,0.0417,0.0,0.125
250,pryzm_sans_rerank,temporal,r@5,24,0.625,0.4167,0.7917
250,pryzm_sans_rerank,temporal,mrr,24,0.2628,0.193,0.3486
250,pryzm_sans_rerank,temporal,ndcg@10,24,0.4173,0.3409,0.496
250,pryzm_sans_rerank,temporal,complet@5,24,0.625,0.4167,0.7917
250,pryzm_sans_rerank,temporal,abstention_a_tort,24,0.0,0.0,0.0
250,pryzm_sans_rerank,temporal,a_jour@5,24,0.625,0.4167,0.7917
250,pryzm_sans_rerank,temporal,perime_en_tete,24,0.0,0.0,0.0
250,pryzm_sans_rerank,toutes_avec_reponse,r@1,183,0.0984,0.0546,0.1421
250,pryzm_sans_rerank,toutes_avec_reponse,r@5,183,0.4071,0.3361,0.4754
250,pryzm_sans_rerank,toutes_avec_reponse,mrr,183,0.231,0.1895,0.2727
250,pryzm_sans_rerank,toutes_avec_reponse,ndcg@10,183,0.3034,0.2584,0.3505
250,pryzm_sans_rerank,toutes_avec_reponse,complet@5,183,0.4044,0.3333,0.4701
250,pryzm_sans_rerank,toutes_avec_reponse,abstention_a_tort,183,0.0,0.0,0.0
250,pryzm_sans_rerank,toutes_avec_reponse,a_jour@5,24,0.625,0.4167,0.7917
250,pryzm_sans_rerank,toutes_avec_reponse,perime_en_tete,24,0.0,0.0,0.0
250,pryzm_sans_rerank,unanswerable,abstention_ok,40,0.0,0.0,0.0
500,bm25,multihop,r@1,24,0.3958,0.3125,0.4583
500,bm25,multihop,r@5,24,0.5,0.3958,0.6042
500,bm25,multihop,mrr,24,0.8241,0.6806,0.9444
500,bm25,multihop,ndcg@10,24,0.5984,0.4888,0.7001
500,bm25,multihop,complet@5,24,0.125,0.0,0.25
500,bm25,multihop,abstention_a_tort,24,0.0833,0.0,0.2083
500,bm25,sans_reponse,abstention_ok,40,0.575,0.425,0.725
500,bm25,simple,r@1,135,0.4296,0.3481,0.5111
500,bm25,simple,r@5,135,0.5185,0.437,0.6
500,bm25,simple,mrr,135,0.465,0.3856,0.5441
500,bm25,simple,ndcg@10,135,0.4817,0.4032,0.5608
500,bm25,simple,complet@5,135,0.5185,0.437,0.6
500,bm25,simple,abstention_a_tort,135,0.1259,0.0741,0.1852
500,bm25,style_crosslingue,r@1,45,0.3333,0.2,0.4889
500,bm25,style_crosslingue,r@5,45,0.4222,0.2889,0.5778
500,bm25,style_crosslingue,mrr,45,0.3611,0.2352,0.5019
500,bm25,style_crosslingue,ndcg@10,45,0.3762,0.254,0.5192
500,bm25,style_crosslingue,complet@5,45,0.4222,0.2889,0.5778
500,bm25,style_crosslingue,abstention_a_tort,45,0.2444,0.1333,0.3778
500,bm25,style_identifiant,r@1,4,1.0,1.0,1.0
500,bm25,style_identifiant,r@5,4,1.0,1.0,1.0
500,bm25,style_identifiant,mrr,4,1.0,1.0,1.0
500,bm25,style_identifiant,ndcg@10,4,1.0,1.0,1.0
500,bm25,style_identifiant,complet@5,4,1.0,1.0,1.0
500,bm25,style_identifiant,abstention_a_tort,4,0.0,0.0,0.0
500,bm25,style_indirecte,r@1,45,0.1778,0.0667,0.3111
500,bm25,style_indirecte,r@5,45,0.3333,0.2,0.4889
500,bm25,style_indirecte,mrr,45,0.245,0.141,0.3681
500,bm25,style_indirecte,ndcg@10,45,0.277,0.1741,0.4008
500,bm25,style_indirecte,complet@5,45,0.3333,0.2,0.4889
500,bm25,style_indirecte,abstention_a_tort,45,0.1111,0.0222,0.2222
500,bm25,style_paraphrase,r@1,41,0.7561,0.6341,0.878
500,bm25,style_paraphrase,r@5,41,0.7805,0.6579,0.9024
500,bm25,style_paraphrase,mrr,41,0.7683,0.6341,0.8902
500,bm25,style_paraphrase,ndcg@10,41,0.7715,0.6341,0.8934
500,bm25,style_paraphrase,complet@5,41,0.7805,0.6579,0.9024
500,bm25,style_paraphrase,abstention_a_tort,41,0.0244,0.0,0.0732
500,bm25,temporal,r@1,24,0.0833,0.0,0.2083
500,bm25,temporal,r@5,24,0.5417,0.3333,0.75
500,bm25,temporal,mrr,24,0.3036,0.1912,0.4249
500,bm25,temporal,ndcg@10,24,0.3927,0.2678,0.5237
500,bm25,temporal,complet@5,24,0.5417,0.3333,0.75
500,bm25,temporal,abstention_a_tort,24,0.125,0.0,0.25
500,bm25,temporal,a_jour@5,24,0.0833,0.0,0.2083
500,bm25,temporal,perime_en_tete,24,0.625,0.4167,0.7917
500,bm25,toutes_avec_reponse,r@1,183,0.3798,0.3169,0.4426
500,bm25,toutes_avec_reponse,r@5,183,0.5191,0.4508,0.5874
500,bm25,toutes_avec_reponse,mrr,183,0.4909,0.4237,0.5539
500,bm25,toutes_avec_reponse,ndcg@10,183,0.4853,0.424,0.5463
500,bm25,toutes_avec_reponse,complet@5,183,0.4699,0.3989,0.541
500,bm25,toutes_avec_reponse,abstention_a_tort,183,0.1202,0.0765,0.1694
500,bm25,toutes_avec_reponse,a_jour@5,24,0.0833,0.0,0.2083
500,bm25,toutes_avec_reponse,perime_en_tete,24,0.625,0.4167,0.7917
500,bm25,unanswerable,abstention_ok,40,0.575,0.425,0.725
500,contexte_2000,multihop,present_dans_contexte,24,0.0,0.0,0.0
500,contexte_2000,simple,present_dans_contexte,135,0.0222,0.0,0.0519
500,contexte_2000,style_crosslingue,present_dans_contexte,45,0.0222,0.0,0.0667
500,contexte_2000,style_identifiant,present_dans_contexte,4,0.0,0.0,0.0
500,contexte_2000,style_indirecte,present_dans_contexte,45,0.0222,0.0,0.0667
500,contexte_2000,style_paraphrase,present_dans_contexte,41,0.0244,0.0,0.0732
500,contexte_2000,temporal,present_dans_contexte,24,0.3333,0.1667,0.5417
500,contexte_2000,toutes_avec_reponse,present_dans_contexte,183,0.0601,0.0273,0.0984
500,contexte_20000,multihop,present_dans_contexte,24,0.5833,0.375,0.75
500,contexte_20000,simple,present_dans_contexte,135,0.8444,0.7778,0.9037
500,contexte_20000,style_crosslingue,present_dans_contexte,45,0.8444,0.7333,0.9333
500,contexte_20000,style_identifiant,present_dans_contexte,4,1.0,1.0,1.0
500,contexte_20000,style_indirecte,present_dans_contexte,45,0.8444,0.7333,0.9333
500,contexte_20000,style_paraphrase,present_dans_contexte,41,0.8293,0.7073,0.9268
500,contexte_20000,temporal,present_dans_contexte,24,1.0,1.0,1.0
500,contexte_20000,toutes_avec_reponse,present_dans_contexte,183,0.8306,0.7705,0.8852
500,contexte_6000,multihop,present_dans_contexte,24,0.0,0.0,0.0
500,contexte_6000,simple,present_dans_contexte,135,0.2222,0.1556,0.2963
500,contexte_6000,style_crosslingue,present_dans_contexte,45,0.2222,0.1111,0.3556
500,contexte_6000,style_identifiant,present_dans_contexte,4,0.0,0.0,0.0
500,contexte_6000,style_indirecte,present_dans_contexte,45,0.2222,0.1111,0.3556
500,contexte_6000,style_paraphrase,present_dans_contexte,41,0.2439,0.122,0.3902
500,contexte_6000,temporal,present_dans_contexte,24,1.0,1.0,1.0
500,contexte_6000,toutes_avec_reponse,present_dans_contexte,183,0.2951,0.2295,0.3607
500,dense_e5,multihop,r@1,24,0.3542,0.2708,0.4375
500,dense_e5,multihop,r@5,24,0.5417,0.4375,0.6458
500,dense_e5,multihop,mrr,24,0.7834,0.6382,0.9125
500,dense_e5,multihop,ndcg@10,24,0.5872,0.5075,0.6634
500,dense_e5,multihop,complet@5,24,0.1667,0.0417,0.3333
500,dense_e5,multihop,abstention_a_tort,24,0.0,0.0,0.0
500,dense_e5,sans_reponse,abstention_ok,40,0.0,0.0,0.0
500,dense_e5,simple,r@1,135,0.5704,0.4889,0.6519
500,dense_e5,simple,r@5,135,0.763,0.6889,0.8296
500,dense_e5,simple,mrr,135,0.6459,0.5767,0.7166
500,dense_e5,simple,ndcg@10,135,0.6863,0.6196,0.7518
500,dense_e5,simple,complet@5,135,0.763,0.6889,0.8296
500,dense_e5,simple,abstention_a_tort,135,0.0,0.0,0.0
500,dense_e5,style_crosslingue,r@1,45,0.6889,0.5556,0.8222
500,dense_e5,style_crosslingue,r@5,45,0.8,0.6667,0.9111
500,dense_e5,style_crosslingue,mrr,45,0.7425,0.6173,0.8526
500,dense_e5,style_crosslingue,ndcg@10,45,0.7717,0.6559,0.8725
500,dense_e5,style_crosslingue,complet@5,45,0.8,0.6667,0.9111
500,dense_e5,style_crosslingue,abstention_a_tort,45,0.0,0.0,0.0
500,dense_e5,style_identifiant,r@1,4,1.0,1.0,1.0
500,dense_e5,style_identifiant,r@5,4,1.0,1.0,1.0
500,dense_e5,style_identifiant,mrr,4,1.0,1.0,1.0
500,dense_e5,style_identifiant,ndcg@10,4,1.0,1.0,1.0
500,dense_e5,style_identifiant,complet@5,4,1.0,1.0,1.0
500,dense_e5,style_identifiant,abstention_a_tort,4,0.0,0.0,0.0
500,dense_e5,style_indirecte,r@1,45,0.2444,0.1333,0.3778
500,dense_e5,style_indirecte,r@5,45,0.5556,0.4222,0.7111
500,dense_e5,style_indirecte,mrr,45,0.3537,0.2424,0.4845
500,dense_e5,style_indirecte,ndcg@10,45,0.4178,0.3063,0.5431
500,dense_e5,style_indirecte,complet@5,45,0.5556,0.4222,0.7111
500,dense_e5,style_indirecte,abstention_a_tort,45,0.0,0.0,0.0
500,dense_e5,style_paraphrase,r@1,41,0.7561,0.6341,0.878
500,dense_e5,style_paraphrase,r@5,41,0.9268,0.8293,1.0
500,dense_e5,style_paraphrase,mrr,41,0.8259,0.7243,0.9173
500,dense_e5,style_paraphrase,ndcg@10,41,0.8567,0.768,0.9357
500,dense_e5,style_paraphrase,complet@5,41,0.9268,0.8293,1.0
500,dense_e5,style_paraphrase,abstention_a_tort,41,0.0,0.0,0.0
500,dense_e5,temporal,r@1,24,0.2917,0.125,0.5
500,dense_e5,temporal,r@5,24,1.0,1.0,1.0
500,dense_e5,temporal,mrr,24,0.6181,0.5208,0.7222
500,dense_e5,temporal,ndcg@10,24,0.7168,0.6443,0.7946
500,dense_e5,temporal,complet@5,24,1.0,1.0,1.0
500,dense_e5,temporal,abstention_a_tort,24,0.0,0.0,0.0
500,dense_e5,temporal,a_jour@5,24,0.3333,0.1667,0.5417
500,dense_e5,temporal,perime_en_tete,24,0.6667,0.4583,0.8333
500,dense_e5,toutes_avec_reponse,r@1,183,0.5055,0.4399,0.5738
500,dense_e5,toutes_avec_reponse,r@5,183,0.765,0.7077,0.8197
500,dense_e5,toutes_avec_reponse,mrr,183,0.6602,0.6024,0.7182
500,dense_e5,toutes_avec_reponse,ndcg@10,183,0.6773,0.6261,0.7284
500,dense_e5,toutes_avec_reponse,complet@5,183,0.7158,0.6503,0.7814
500,dense_e5,toutes_avec_reponse,abstention_a_tort,183,0.0,0.0,0.0
500,dense_e5,toutes_avec_reponse,a_jour@5,24,0.3333,0.1667,0.5417
500,dense_e5,toutes_avec_reponse,perime_en_tete,24,0.6667,0.4583,0.8333
500,dense_e5,unanswerable,abstention_ok,40,0.0,0.0,0.0
500,pryzm_actuel,multihop,r@1,24,0.3958,0.3125,0.4583
500,pryzm_actuel,multihop,r@5,24,0.5417,0.4583,0.625
500,pryzm_actuel,multihop,mrr,24,0.8576,0.7326,0.9583
500,pryzm_actuel,multihop,ndcg@10,24,0.5894,0.5092,0.6629
500,pryzm_actuel,multihop,complet@5,24,0.125,0.0,0.25
500,pryzm_actuel,multihop,abstention_a_tort,24,0.0,0.0,0.0
500,pryzm_actuel,sans_reponse,abstention_ok,40,0.0,0.0,0.0
500,pryzm_actuel,simple,r@1,135,0.6593,0.5778,0.7333
500,pryzm_actuel,simple,r@5,135,0.7778,0.7037,0.8444
500,pryzm_actuel,simple,mrr,135,0.7116,0.6381,0.7781
500,pryzm_actuel,simple,ndcg@10,135,0.7367,0.6669,0.8014
500,pryzm_actuel,simple,complet@5,135,0.7778,0.7037,0.8444
500,pryzm_actuel,simple,abstention_a_tort,135,0.0,0.0,0.0
500,pryzm_actuel,style_crosslingue,r@1,45,0.8222,0.7111,0.9111
500,pryzm_actuel,style_crosslingue,r@5,45,0.8889,0.7778,0.9778
500,pryzm_actuel,style_crosslingue,mrr,45,0.8563,0.7556,0.937
500,pryzm_actuel,style_crosslingue,ndcg@10,45,0.8747,0.7863,0.9478
500,pryzm_actuel,style_crosslingue,complet@5,45,0.8889,0.7778,0.9778
500,pryzm_actuel,style_crosslingue,abstention_a_tort,45,0.0,0.0,0.0
500,pryzm_actuel,style_identifiant,r@1,4,1.0,1.0,1.0
500,pryzm_actuel,style_identifiant,r@5,4,1.0,1.0,1.0
500,pryzm_actuel,style_identifiant,mrr,4,1.0,1.0,1.0
500,pryzm_actuel,style_identifiant,ndcg@10,4,1.0,1.0,1.0
500,pryzm_actuel,style_identifiant,complet@5,4,1.0,1.0,1.0
500,pryzm_actuel,style_identifiant,abstention_a_tort,4,0.0,0.0,0.0
500,pryzm_actuel,style_indirecte,r@1,45,0.3778,0.2444,0.5333
500,pryzm_actuel,style_indirecte,r@5,45,0.5556,0.4217,0.7111
500,pryzm_actuel,style_indirecte,mrr,45,0.4452,0.3143,0.5824
500,pryzm_actuel,style_indirecte,ndcg@10,45,0.4825,0.3546,0.6133
500,pryzm_actuel,style_indirecte,complet@5,45,0.5556,0.4217,0.7111
500,pryzm_actuel,style_indirecte,abstention_a_tort,45,0.0,0.0,0.0
500,pryzm_actuel,style_paraphrase,r@1,41,0.7561,0.6098,0.878
500,pryzm_actuel,style_paraphrase,r@5,41,0.878,0.7805,0.9756
500,pryzm_actuel,style_paraphrase,mrr,41,0.8171,0.7033,0.9146
500,pryzm_actuel,style_paraphrase,ndcg@10,41,0.8385,0.7323,0.9297
500,pryzm_actuel,style_paraphrase,complet@5,41,0.878,0.7805,0.9756
500,pryzm_actuel,style_paraphrase,abstention_a_tort,41,0.0,0.0,0.0
500,pryzm_actuel,temporal,r@1,24,0.2917,0.125,0.4583
500,pryzm_actuel,temporal,r@5,24,0.9167,0.7917,1.0
500,pryzm_actuel,temporal,mrr,24,0.5837,0.468,0.7018
500,pryzm_actuel,temporal,ndcg@10,24,0.6788,0.5783,0.7775
500,pryzm_actuel,temporal,complet@5,24,0.9167,0.7917,1.0
500,pryzm_actuel,temporal,abstention_a_tort,24,0.0,0.0,0.0
500,pryzm_actuel,temporal,a_jour@5,24,0.2917,0.125,0.4583
500,pryzm_actuel,temporal,perime_en_tete,24,0.7083,0.5417,0.875
500,pryzm_actuel,toutes_avec_reponse,r@1,183,0.5765,0.5082,0.6448
500,pryzm_actuel,toutes_avec_reponse,r@5,183,0.765,0.7077,0.8197
500,pryzm_actuel,toutes_avec_reponse,mrr,183,0.714,0.6569,0.7705
500,pryzm_actuel,toutes_avec_reponse,ndcg@10,183,0.7098,0.6551,0.7612
500,pryzm_actuel,toutes_avec_reponse,complet@5,183,0.7104,0.6448,0.776
500,pryzm_actuel,toutes_avec_reponse,abstention_a_tort,183,0.0,0.0,0.0
500,pryzm_actuel,toutes_avec_reponse,a_jour@5,24,0.2917,0.125,0.4583
500,pryzm_actuel,toutes_avec_reponse,perime_en_tete,24,0.7083,0.5417,0.875
500,pryzm_actuel,unanswerable,abstention_ok,40,0.0,0.0,0.0
500,pryzm_hybride,multihop,r@1,24,0.3958,0.3125,0.4583
500,pryzm_hybride,multihop,r@5,24,0.5417,0.4583,0.625
500,pryzm_hybride,multihop,mrr,24,0.8576,0.7326,0.9583
500,pryzm_hybride,multihop,ndcg@10,24,0.5894,0.5092,0.6629
500,pryzm_hybride,multihop,complet@5,24,0.125,0.0,0.25
500,pryzm_hybride,multihop,abstention_a_tort,24,0.0,0.0,0.0
500,pryzm_hybride,sans_reponse,abstention_ok,40,0.0,0.0,0.0
500,pryzm_hybride,simple,r@1,135,0.6593,0.5778,0.7333
500,pryzm_hybride,simple,r@5,135,0.7778,0.7037,0.8444
500,pryzm_hybride,simple,mrr,135,0.7116,0.6381,0.7781
500,pryzm_hybride,simple,ndcg@10,135,0.7367,0.6669,0.8014
500,pryzm_hybride,simple,complet@5,135,0.7778,0.7037,0.8444
500,pryzm_hybride,simple,abstention_a_tort,135,0.0,0.0,0.0
500,pryzm_hybride,style_crosslingue,r@1,45,0.8222,0.7111,0.9111
500,pryzm_hybride,style_crosslingue,r@5,45,0.8889,0.7778,0.9778
500,pryzm_hybride,style_crosslingue,mrr,45,0.8563,0.7556,0.937
500,pryzm_hybride,style_crosslingue,ndcg@10,45,0.8747,0.7863,0.9478
500,pryzm_hybride,style_crosslingue,complet@5,45,0.8889,0.7778,0.9778
500,pryzm_hybride,style_crosslingue,abstention_a_tort,45,0.0,0.0,0.0
500,pryzm_hybride,style_identifiant,r@1,4,1.0,1.0,1.0
500,pryzm_hybride,style_identifiant,r@5,4,1.0,1.0,1.0
500,pryzm_hybride,style_identifiant,mrr,4,1.0,1.0,1.0
500,pryzm_hybride,style_identifiant,ndcg@10,4,1.0,1.0,1.0
500,pryzm_hybride,style_identifiant,complet@5,4,1.0,1.0,1.0
500,pryzm_hybride,style_identifiant,abstention_a_tort,4,0.0,0.0,0.0
500,pryzm_hybride,style_indirecte,r@1,45,0.3778,0.2444,0.5333
500,pryzm_hybride,style_indirecte,r@5,45,0.5556,0.4217,0.7111
500,pryzm_hybride,style_indirecte,mrr,45,0.4452,0.3143,0.5824
500,pryzm_hybride,style_indirecte,ndcg@10,45,0.4825,0.3546,0.6133
500,pryzm_hybride,style_indirecte,complet@5,45,0.5556,0.4217,0.7111
500,pryzm_hybride,style_indirecte,abstention_a_tort,45,0.0,0.0,0.0
500,pryzm_hybride,style_paraphrase,r@1,41,0.7561,0.6098,0.878
500,pryzm_hybride,style_paraphrase,r@5,41,0.878,0.7805,0.9756
500,pryzm_hybride,style_paraphrase,mrr,41,0.8171,0.7033,0.9146
500,pryzm_hybride,style_paraphrase,ndcg@10,41,0.8385,0.7323,0.9297
500,pryzm_hybride,style_paraphrase,complet@5,41,0.878,0.7805,0.9756
500,pryzm_hybride,style_paraphrase,abstention_a_tort,41,0.0,0.0,0.0
500,pryzm_hybride,temporal,r@1,24,0.2917,0.125,0.4583
500,pryzm_hybride,temporal,r@5,24,0.9167,0.7917,1.0
500,pryzm_hybride,temporal,mrr,24,0.5837,0.468,0.7018
500,pryzm_hybride,temporal,ndcg@10,24,0.6788,0.5783,0.7775
500,pryzm_hybride,temporal,complet@5,24,0.9167,0.7917,1.0
500,pryzm_hybride,temporal,abstention_a_tort,24,0.0,0.0,0.0
500,pryzm_hybride,temporal,a_jour@5,24,0.2917,0.125,0.4583
500,pryzm_hybride,temporal,perime_en_tete,24,0.7083,0.5417,0.875
500,pryzm_hybride,toutes_avec_reponse,r@1,183,0.5765,0.5082,0.6448
500,pryzm_hybride,toutes_avec_reponse,r@5,183,0.765,0.7077,0.8197
500,pryzm_hybride,toutes_avec_reponse,mrr,183,0.714,0.6569,0.7705
500,pryzm_hybride,toutes_avec_reponse,ndcg@10,183,0.7098,0.6551,0.7612
500,pryzm_hybride,toutes_avec_reponse,complet@5,183,0.7104,0.6448,0.776
500,pryzm_hybride,toutes_avec_reponse,abstention_a_tort,183,0.0,0.0,0.0
500,pryzm_hybride,toutes_avec_reponse,a_jour@5,24,0.2917,0.125,0.4583
500,pryzm_hybride,toutes_avec_reponse,perime_en_tete,24,0.7083,0.5417,0.875
500,pryzm_hybride,unanswerable,abstention_ok,40,0.0,0.0,0.0
500,pryzm_passage,multihop,r@1,24,0.3542,0.25,0.4375
500,pryzm_passage,multihop,r@5,24,0.5,0.3958,0.6042
500,pryzm_passage,multihop,mrr,24,0.7778,0.6248,0.9097
500,pryzm_passage,multihop,ndcg@10,24,0.5258,0.4258,0.6137
500,pryzm_passage,multihop,complet@5,24,0.125,0.0,0.2917
500,pryzm_passage,multihop,abstention_a_tort,24,0.0,0.0,0.0
500,pryzm_passage,sans_reponse,abstention_ok,40,0.0,0.0,0.0
500,pryzm_passage,simple,r@1,135,0.6815,0.6,0.7556
500,pryzm_passage,simple,r@5,135,0.7926,0.7185,0.8593
500,pryzm_passage,simple,mrr,135,0.7281,0.6567,0.7938
500,pryzm_passage,simple,ndcg@10,135,0.7509,0.6811,0.8137
500,pryzm_passage,simple,complet@5,135,0.7926,0.7185,0.8593
500,pryzm_passage,simple,abstention_a_tort,135,0.0,0.0,0.0
500,pryzm_passage,style_crosslingue,r@1,45,0.8222,0.6889,0.9111
500,pryzm_passage,style_crosslingue,r@5,45,0.9111,0.8222,0.9778
500,pryzm_passage,style_crosslingue,mrr,45,0.8574,0.7556,0.9407
500,pryzm_passage,style_crosslingue,ndcg@10,45,0.8709,0.7725,0.9474
500,pryzm_passage,style_crosslingue,complet@5,45,0.9111,0.8222,0.9778
500,pryzm_passage,style_crosslingue,abstention_a_tort,45,0.0,0.0,0.0
500,pryzm_passage,style_identifiant,r@1,4,1.0,1.0,1.0
500,pryzm_passage,style_identifiant,r@5,4,1.0,1.0,1.0
500,pryzm_passage,style_identifiant,mrr,4,1.0,1.0,1.0
500,pryzm_passage,style_identifiant,ndcg@10,4,1.0,1.0,1.0
500,pryzm_passage,style_identifiant,complet@5,4,1.0,1.0,1.0
500,pryzm_passage,style_identifiant,abstention_a_tort,4,0.0,0.0,0.0
500,pryzm_passage,style_indirecte,r@1,45,0.4222,0.2883,0.5778
500,pryzm_passage,style_indirecte,r@5,45,0.5556,0.4222,0.6889
500,pryzm_passage,style_indirecte,mrr,45,0.4785,0.345,0.6148
500,pryzm_passage,style_indirecte,ndcg@10,45,0.5126,0.3831,0.6475
500,pryzm_passage,style_indirecte,complet@5,45,0.5556,0.4222,0.6889
500,pryzm_passage,style_indirecte,abstention_a_tort,45,0.0,0.0,0.0
500,pryzm_passage,style_paraphrase,r@1,41,0.7805,0.6341,0.9024
500,pryzm_passage,style_paraphrase,r@5,41,0.9024,0.8049,0.9756
500,pryzm_passage,style_paraphrase,mrr,41,0.8336,0.7262,0.9268
500,pryzm_passage,style_paraphrase,ndcg@10,41,0.8564,0.7584,0.9396
500,pryzm_passage,style_paraphrase,complet@5,41,0.9024,0.8049,0.9756
500,pryzm_passage,style_paraphrase,abstention_a_tort,41,0.0,0.0,0.0
500,pryzm_passage,temporal,r@1,24,0.3333,0.1667,0.5417
500,pryzm_passage,temporal,r@5,24,0.9167,0.7917,1.0
500,pryzm_passage,temporal,mrr,24,0.5986,0.4736,0.7236
500,pryzm_passage,temporal,ndcg@10,24,0.6803,0.5615,0.7944
500,pryzm_passage,temporal,complet@5,24,0.9167,0.7917,1.0
500,pryzm_passage,temporal,abstention_a_tort,24,0.0,0.0,0.0
500,pryzm_passage,temporal,a_jour@5,24,0.3333,0.1667,0.5417
500,pryzm_passage,temporal,perime_en_tete,24,0.6667,0.4583,0.8333
500,pryzm_passage,toutes_avec_reponse,r@1,183,0.5929,0.5246,0.6585
500,pryzm_passage,toutes_avec_reponse,r@5,183,0.7705,0.7158,0.8251
500,pryzm_passage,toutes_avec_reponse,mrr,183,0.7176,0.6594,0.7721
500,pryzm_passage,toutes_avec_reponse,ndcg@10,183,0.7121,0.6583,0.764
500,pryzm_passage,toutes_avec_reponse,complet@5,183,0.7213,0.6557,0.7814
500,pryzm_passage,toutes_avec_reponse,abstention_a_tort,183,0.0,0.0,0.0
500,pryzm_passage,toutes_avec_reponse,a_jour@5,24,0.3333,0.1667,0.5417
500,pryzm_passage,toutes_avec_reponse,perime_en_tete,24,0.6667,0.4583,0.8333
500,pryzm_passage,unanswerable,abstention_ok,40,0.0,0.0,0.0
500,pryzm_sans_rerank,multihop,r@1,24,0.0,0.0,0.0
500,pryzm_sans_rerank,multihop,r@5,24,0.1042,0.0208,0.1875
500,pryzm_sans_rerank,multihop,mrr,24,0.0726,0.0379,0.1104
500,pryzm_sans_rerank,multihop,ndcg@10,24,0.0924,0.0513,0.1381
500,pryzm_sans_rerank,multihop,complet@5,24,0.0,0.0,0.0
500,pryzm_sans_rerank,multihop,abstention_a_tort,24,0.0,0.0,0.0
500,pryzm_sans_rerank,sans_reponse,abstention_ok,40,0.0,0.0,0.0
500,pryzm_sans_rerank,simple,r@1,135,0.1185,0.0667,0.1778
500,pryzm_sans_rerank,simple,r@5,135,0.4889,0.4074,0.5704
500,pryzm_sans_rerank,simple,mrr,135,0.2595,0.205,0.3164
500,pryzm_sans_rerank,simple,ndcg@10,135,0.3282,0.2734,0.3872
500,pryzm_sans_rerank,simple,complet@5,135,0.4889,0.4074,0.5704
500,pryzm_sans_rerank,simple,abstention_a_tort,135,0.0,0.0,0.0
500,pryzm_sans_rerank,style_crosslingue,r@1,45,0.1333,0.0444,0.2444
500,pryzm_sans_rerank,style_crosslingue,r@5,45,0.5556,0.4,0.7111
500,pryzm_sans_rerank,style_crosslingue,mrr,45,0.298,0.2044,0.3961
500,pryzm_sans_rerank,style_crosslingue,ndcg@10,45,0.3674,0.2685,0.4705
500,pryzm_sans_rerank,style_crosslingue,complet@5,45,0.5556,0.4,0.7111
500,pryzm_sans_rerank,style_crosslingue,abstention_a_tort,45,0.0,0.0,0.0
500,pryzm_sans_rerank,style_identifiant,r@1,4,0.0,0.0,0.0
500,pryzm_sans_rerank,style_identifiant,r@5,4,0.25,0.0,0.75
500,pryzm_sans_rerank,style_identifiant,mrr,4,0.0982,0.0,0.1964
500,pryzm_sans_rerank,style_identifiant,ndcg@10,4,0.191,0.0,0.382
500,pryzm_sans_rerank,style_identifiant,complet@5,4,0.25,0.0,0.75
500,pryzm_sans_rerank,style_identifiant,abstention_a_tort,4,0.0,0.0,0.0
500,pryzm_sans_rerank,style_indirecte,r@1,45,0.0667,0.0,0.1333
500,pryzm_sans_rerank,style_indirecte,r@5,45,0.3778,0.2444,0.5111
500,pryzm_sans_rerank,style_indirecte,mrr,45,0.188,0.1119,0.2704
500,pryzm_sans_rerank,style_indirecte,ndcg@10,45,0.2549,0.1697,0.347
500,pryzm_sans_rerank,style_indirecte,complet@5,45,0.3778,0.2444,0.5111
500,pryzm_sans_rerank,style_indirecte,abstention_a_tort,45,0.0,0.0,0.0
500,pryzm_sans_rerank,style_paraphrase,r@1,41,0.1707,0.0732,0.2927
500,pryzm_sans_rerank,style_paraphrase,r@5,41,0.561,0.4146,0.7317
500,pryzm_sans_rerank,style_paraphrase,mrr,41,0.3116,0.2049,0.4226
500,pryzm_sans_rerank,style_paraphrase,ndcg@10,41,0.3789,0.2685,0.4908
500,pryzm_sans_rerank,style_paraphrase,complet@5,41,0.561,0.4146,0.7317
500,pryzm_sans_rerank,style_paraphrase,abstention_a_tort,41,0.0,0.0,0.0
500,pryzm_sans_rerank,temporal,r@1,24,0.0833,0.0,0.2083
500,pryzm_sans_rerank,temporal,r@5,24,0.7917,0.625,0.9583
500,pryzm_sans_rerank,temporal,mrr,24,0.3382,0.2524,0.4403
500,pryzm_sans_rerank,temporal,ndcg@10,24,0.4875,0.4089,0.5706
500,pryzm_sans_rerank,temporal,complet@5,24,0.7917,0.625,0.9583
500,pryzm_sans_rerank,temporal,abstention_a_tort,24,0.0,0.0,0.0
500,pryzm_sans_rerank,temporal,a_jour@5,24,0.7917,0.625,0.9583
500,pryzm_sans_rerank,temporal,perime_en_tete,24,0.0,0.0,0.0
500,pryzm_sans_rerank,toutes_avec_reponse,r@1,183,0.0984,0.0546,0.1421
500,pryzm_sans_rerank,toutes_avec_reponse,r@5,183,0.4781,0.4071,0.5492
500,pryzm_sans_rerank,toutes_avec_reponse,mrr,183,0.2453,0.2017,0.2877
500,pryzm_sans_rerank,toutes_avec_reponse,ndcg@10,183,0.3182,0.2706,0.3648
500,pryzm_sans_rerank,toutes_avec_reponse,complet@5,183,0.4645,0.3934,0.5355
500,pryzm_sans_rerank,toutes_avec_reponse,abstention_a_tort,183,0.0,0.0,0.0
500,pryzm_sans_rerank,toutes_avec_reponse,a_jour@5,24,0.7917,0.625,0.9583
500,pryzm_sans_rerank,toutes_avec_reponse,perime_en_tete,24,0.0,0.0,0.0
500,pryzm_sans_rerank,unanswerable,abstention_ok,40,0.0,0.0,0.0
1000,bm25,multihop,r@1,24,0.4167,0.3333,0.4792
1000,bm25,multihop,r@5,24,0.5208,0.4375,0.6042
1000,bm25,multihop,mrr,24,0.8611,0.7222,0.9722
1000,bm25,multihop,ndcg@10,24,0.6173,0.5136,0.7155
1000,bm25,multihop,complet@5,24,0.125,0.0,0.25
1000,bm25,multihop,abstention_a_tort,24,0.0833,0.0,0.2083
1000,bm25,sans_reponse,abstention_ok,40,0.575,0.425,0.725
1000,bm25,simple,r@1,135,0.4296,0.3481,0.5111
1000,bm25,simple,r@5,135,0.5185,0.437,0.6
1000,bm25,simple,mrr,135,0.4611,0.382,0.5409
1000,bm25,simple,ndcg@10,135,0.4769,0.3976,0.5559
1000,bm25,simple,complet@5,135,0.5185,0.437,0.6
1000,bm25,simple,abstention_a_tort,135,0.1259,0.0741,0.1852
1000,bm25,style_crosslingue,r@1,45,0.3333,0.2,0.4889
1000,bm25,style_crosslingue,r@5,45,0.4222,0.2889,0.5778
1000,bm25,style_crosslingue,mrr,45,0.3611,0.2352,0.5019
1000,bm25,style_crosslingue,ndcg@10,45,0.3762,0.254,0.5192
1000,bm25,style_crosslingue,complet@5,45,0.4222,0.2889,0.5778
1000,bm25,style_crosslingue,abstention_a_tort,45,0.2444,0.1333,0.3778
1000,bm25,style_identifiant,r@1,4,1.0,1.0,1.0
1000,bm25,style_identifiant,r@5,4,1.0,1.0,1.0
1000,bm25,style_identifiant,mrr,4,1.0,1.0,1.0
1000,bm25,style_identifiant,ndcg@10,4,1.0,1.0,1.0
1000,bm25,style_identifiant,complet@5,4,1.0,1.0,1.0
1000,bm25,style_identifiant,abstention_a_tort,4,0.0,0.0,0.0
1000,bm25,style_indirecte,r@1,45,0.1778,0.0667,0.3111
1000,bm25,style_indirecte,r@5,45,0.3333,0.2,0.4889
1000,bm25,style_indirecte,mrr,45,0.2333,0.1289,0.3533
1000,bm25,style_indirecte,ndcg@10,45,0.2626,0.159,0.3873
1000,bm25,style_indirecte,complet@5,45,0.3333,0.2,0.4889
1000,bm25,style_indirecte,abstention_a_tort,45,0.1111,0.0222,0.2222
1000,bm25,style_paraphrase,r@1,41,0.7561,0.6341,0.878
1000,bm25,style_paraphrase,r@5,41,0.7805,0.6579,0.9024
1000,bm25,style_paraphrase,mrr,41,0.7683,0.6341,0.8902
1000,bm25,style_paraphrase,ndcg@10,41,0.7715,0.6341,0.8934
1000,bm25,style_paraphrase,complet@5,41,0.7805,0.6579,0.9024
1000,bm25,style_paraphrase,abstention_a_tort,41,0.0244,0.0,0.0732
1000,bm25,temporal,r@1,24,0.0833,0.0,0.2083
1000,bm25,temporal,r@5,24,0.5417,0.3333,0.75
1000,bm25,temporal,mrr,24,0.299,0.1819,0.4195
1000,bm25,temporal,ndcg@10,24,0.3802,0.2489,0.5131
1000,bm25,temporal,complet@5,24,0.5417,0.3333,0.75
1000,bm25,temporal,abstention_a_tort,24,0.125,0.0,0.25
1000,bm25,temporal,a_jour@5,24,0.0833,0.0,0.2083
1000,bm25,temporal,perime_en_tete,24,0.625,0.4167,0.7917
1000,bm25,toutes_avec_reponse,r@1,183,0.3825,0.3223,0.4454
1000,bm25,toutes_avec_reponse,r@5,183,0.5219,0.4536,0.5902
1000,bm25,toutes_avec_reponse,mrr,183,0.4923,0.4253,0.5573
1000,bm25,toutes_avec_reponse,ndcg@10,183,0.4826,0.4209,0.5446
1000,bm25,toutes_avec_reponse,complet@5,183,0.4699,0.3989,0.541
1000,bm25,toutes_avec_reponse,abstention_a_tort,183,0.1202,0.0765,0.1694
1000,bm25,toutes_avec_reponse,a_jour@5,24,0.0833,0.0,0.2083
1000,bm25,toutes_avec_reponse,perime_en_tete,24,0.625,0.4167,0.7917
1000,bm25,unanswerable,abstention_ok,40,0.575,0.425,0.725
1000,contexte_2000,multihop,present_dans_contexte,24,0.0,0.0,0.0
1000,contexte_2000,simple,present_dans_contexte,135,0.0,0.0,0.0
1000,contexte_2000,style_crosslingue,present_dans_contexte,45,0.0,0.0,0.0
1000,contexte_2000,style_identifiant,present_dans_contexte,4,0.0,0.0,0.0
1000,contexte_2000,style_indirecte,present_dans_contexte,45,0.0,0.0,0.0
1000,contexte_2000,style_paraphrase,present_dans_contexte,41,0.0,0.0,0.0
1000,contexte_2000,temporal,present_dans_contexte,24,0.25,0.0833,0.4167
1000,contexte_2000,toutes_avec_reponse,present_dans_contexte,183,0.0328,0.0109,0.0601
1000,contexte_20000,multihop,present_dans_contexte,24,0.1667,0.0417,0.3333
1000,contexte_20000,simple,present_dans_contexte,135,0.4444,0.363,0.5259
1000,contexte_20000,style_crosslingue,present_dans_contexte,45,0.4444,0.3106,0.5778
1000,contexte_20000,style_identifiant,present_dans_contexte,4,0.25,0.0,0.75
1000,contexte_20000,style_indirecte,present_dans_contexte,45,0.4444,0.3106,0.5778
1000,contexte_20000,style_paraphrase,present_dans_contexte,41,0.4634,0.3171,0.6104
1000,contexte_20000,temporal,present_dans_contexte,24,1.0,1.0,1.0
1000,contexte_20000,toutes_avec_reponse,present_dans_contexte,183,0.4809,0.4098,0.5519
1000,contexte_6000,multihop,present_dans_contexte,24,0.0,0.0,0.0
1000,contexte_6000,simple,present_dans_contexte,135,0.0889,0.0444,0.1407
1000,contexte_6000,style_crosslingue,present_dans_contexte,45,0.0889,0.0222,0.1778
1000,contexte_6000,style_identifiant,present_dans_contexte,4,0.0,0.0,0.0
1000,contexte_6000,style_indirecte,present_dans_contexte,45,0.0889,0.0222,0.1778
1000,contexte_6000,style_paraphrase,present_dans_contexte,41,0.0976,0.0244,0.1951
1000,contexte_6000,temporal,present_dans_contexte,24,1.0,1.0,1.0
1000,contexte_6000,toutes_avec_reponse,present_dans_contexte,183,0.1967,0.1421,0.2568
1000,dense_e5,multihop,r@1,24,0.3333,0.2292,0.4167
1000,dense_e5,multihop,r@5,24,0.5,0.3958,0.6042
1000,dense_e5,multihop,mrr,24,0.7456,0.5905,0.8889
1000,dense_e5,multihop,ndcg@10,24,0.5233,0.4224,0.6145
1000,dense_e5,multihop,complet@5,24,0.125,0.0,0.25
1000,dense_e5,multihop,abstention_a_tort,24,0.0,0.0,0.0
1000,dense_e5,sans_reponse,abstention_ok,40,0.0,0.0,0.0
1000,dense_e5,simple,r@1,135,0.5704,0.4889,0.6519
1000,dense_e5,simple,r@5,135,0.7259,0.6444,0.8
1000,dense_e5,simple,mrr,135,0.6352,0.5643,0.707
1000,dense_e5,simple,ndcg@10,135,0.6692,0.6006,0.7372
1000,dense_e5,simple,complet@5,135,0.7259,0.6444,0.8
1000,dense_e5,simple,abstention_a_tort,135,0.0,0.0,0.0
1000,dense_e5,style_crosslingue,r@1,45,0.6889,0.5556,0.8222
1000,dense_e5,style_crosslingue,r@5,45,0.7778,0.6444,0.8889
1000,dense_e5,style_crosslingue,mrr,45,0.7393,0.6141,0.8514
1000,dense_e5,style_crosslingue,ndcg@10,45,0.7686,0.6525,0.8707
1000,dense_e5,style_crosslingue,complet@5,45,0.7778,0.6444,0.8889
1000,dense_e5,style_crosslingue,abstention_a_tort,45,0.0,0.0,0.0
1000,dense_e5,style_identifiant,r@1,4,1.0,1.0,1.0
1000,dense_e5,style_identifiant,r@5,4,1.0,1.0,1.0
1000,dense_e5,style_identifiant,mrr,4,1.0,1.0,1.0
1000,dense_e5,style_identifiant,ndcg@10,4,1.0,1.0,1.0
1000,dense_e5,style_identifiant,complet@5,4,1.0,1.0,1.0
1000,dense_e5,style_identifiant,abstention_a_tort,4,0.0,0.0,0.0
1000,dense_e5,style_indirecte,r@1,45,0.2444,0.1333,0.3778
1000,dense_e5,style_indirecte,r@5,45,0.4667,0.3111,0.6222
1000,dense_e5,style_indirecte,mrr,45,0.3304,0.2187,0.4623
1000,dense_e5,style_indirecte,ndcg@10,45,0.3789,0.2668,0.5093
1000,dense_e5,style_indirecte,complet@5,45,0.4667,0.3111,0.6222
1000,dense_e5,style_indirecte,abstention_a_tort,45,0.0,0.0,0.0
1000,dense_e5,style_paraphrase,r@1,41,0.7561,0.6341,0.878
1000,dense_e5,style_paraphrase,r@5,41,0.9268,0.8293,1.0
1000,dense_e5,style_paraphrase,mrr,41,0.8199,0.7142,0.9167
1000,dense_e5,style_paraphrase,ndcg@10,41,0.8466,0.7495,0.9315
1000,dense_e5,style_paraphrase,complet@5,41,0.9268,0.8293,1.0
1000,dense_e5,style_paraphrase,abstention_a_tort,41,0.0,0.0,0.0
1000,dense_e5,temporal,r@1,24,0.2917,0.125,0.5
1000,dense_e5,temporal,r@5,24,1.0,1.0,1.0
1000,dense_e5,temporal,mrr,24,0.6181,0.5208,0.7222
1000,dense_e5,temporal,ndcg@10,24,0.7168,0.6443,0.7946
1000,dense_e5,temporal,complet@5,24,1.0,1.0,1.0
1000,dense_e5,temporal,abstention_a_tort,24,0.0,0.0,0.0
1000,dense_e5,temporal,a_jour@5,24,0.3333,0.1667,0.5417
1000,dense_e5,temporal,perime_en_tete,24,0.6667,0.4583,0.8333
1000,dense_e5,toutes_avec_reponse,r@1,183,0.5027,0.4372,0.571
1000,dense_e5,toutes_avec_reponse,r@5,183,0.7322,0.6721,0.7923
1000,dense_e5,toutes_avec_reponse,mrr,183,0.6474,0.5876,0.7079
1000,dense_e5,toutes_avec_reponse,ndcg@10,183,0.6563,0.6026,0.7111
1000,dense_e5,toutes_avec_reponse,complet@5,183,0.6831,0.612,0.7541
1000,dense_e5,toutes_avec_reponse,abstention_a_tort,183,0.0,0.0,0.0
1000,dense_e5,toutes_avec_reponse,a_jour@5,24,0.3333,0.1667,0.5417
1000,dense_e5,toutes_avec_reponse,perime_en_tete,24,0.6667,0.4583,0.8333
1000,dense_e5,unanswerable,abstention_ok,40,0.0,0.0,0.0
1000,pryzm_actuel,multihop,r@1,24,0.375,0.2917,0.4583
1000,pryzm_actuel,multihop,r@5,24,0.5417,0.4375,0.6458
1000,pryzm_actuel,multihop,mrr,24,0.8264,0.6943,0.9375
1000,pryzm_actuel,multihop,ndcg@10,24,0.5719,0.4807,0.6552
1000,pryzm_actuel,multihop,complet@5,24,0.1667,0.0417,0.3333
1000,pryzm_actuel,multihop,abstention_a_tort,24,0.0,0.0,0.0
1000,pryzm_actuel,sans_reponse,abstention_ok,40,0.0,0.0,0.0
1000,pryzm_actuel,simple,r@1,135,0.6519,0.563,0.7333
1000,pryzm_actuel,simple,r@5,135,0.7407,0.6665,0.8148
1000,pryzm_actuel,simple,mrr,135,0.6949,0.6172,0.7664
1000,pryzm_actuel,simple,ndcg@10,135,0.715,0.6413,0.7823
1000,pryzm_actuel,simple,complet@5,135,0.7407,0.6665,0.8148
1000,pryzm_actuel,simple,abstention_a_tort,135,0.0,0.0,0.0
1000,pryzm_actuel,style_crosslingue,r@1,45,0.8,0.6667,0.9111
1000,pryzm_actuel,style_crosslingue,r@5,45,0.8222,0.6889,0.9333
1000,pryzm_actuel,style_crosslingue,mrr,45,0.8139,0.6907,0.9139
1000,pryzm_actuel,style_crosslingue,ndcg@10,45,0.826,0.7111,0.9191
1000,pryzm_actuel,style_crosslingue,complet@5,45,0.8222,0.6889,0.9333
1000,pryzm_actuel,style_crosslingue,abstention_a_tort,45,0.0,0.0,0.0
1000,pryzm_actuel,style_identifiant,r@1,4,1.0,1.0,1.0
1000,pryzm_actuel,style_identifiant,r@5,4,1.0,1.0,1.0
1000,pryzm_actuel,style_identifiant,mrr,4,1.0,1.0,1.0
1000,pryzm_actuel,style_identifiant,ndcg@10,4,1.0,1.0,1.0
1000,pryzm_actuel,style_identifiant,complet@5,4,1.0,1.0,1.0
1000,pryzm_actuel,style_identifiant,abstention_a_tort,4,0.0,0.0,0.0
1000,pryzm_actuel,style_indirecte,r@1,45,0.3778,0.2444,0.5333
1000,pryzm_actuel,style_indirecte,r@5,45,0.5111,0.3778,0.645
1000,pryzm_actuel,style_indirecte,mrr,45,0.4374,0.3059,0.5759
1000,pryzm_actuel,style_indirecte,ndcg@10,45,0.4661,0.3354,0.5991
1000,pryzm_actuel,style_indirecte,complet@5,45,0.5111,0.3778,0.645
1000,pryzm_actuel,style_indirecte,abstention_a_tort,45,0.0,0.0,0.0
1000,pryzm_actuel,style_paraphrase,r@1,41,0.7561,0.6098,0.878
1000,pryzm_actuel,style_paraphrase,r@5,41,0.878,0.7805,0.9756
1000,pryzm_actuel,style_paraphrase,mrr,41,0.8171,0.7033,0.9146
1000,pryzm_actuel,style_paraphrase,ndcg@10,41,0.8385,0.7323,0.9297
1000,pryzm_actuel,style_paraphrase,complet@5,41,0.878,0.7805,0.9756
1000,pryzm_actuel,style_paraphrase,abstention_a_tort,41,0.0,0.0,0.0
1000,pryzm_actuel,temporal,r@1,24,0.2917,0.125,0.4583
1000,pryzm_actuel,temporal,r@5,24,0.9167,0.7917,1.0
1000,pryzm_actuel,temporal,mrr,24,0.5847,0.4681,0.7028
1000,pryzm_actuel,temporal,ndcg@10,24,0.6798,0.5803,0.7783
1000,pryzm_actuel,temporal,complet@5,24,0.9167,0.7917,1.0
1000,pryzm_actuel,temporal,abstention_a_tort,24,0.0,0.0,0.0
1000,pryzm_actuel,temporal,a_jour@5,24,0.2917,0.125,0.4583
1000,pryzm_actuel,temporal,perime_en_tete,24,0.7083,0.5417,0.875
1000,pryzm_actuel,toutes_avec_reponse,r@1,183,0.5683,0.5,0.6366
1000,pryzm_actuel,toutes_avec_reponse,r@5,183,0.7377,0.6776,0.7951
1000,pryzm_actuel,toutes_avec_reponse,mrr,183,0.6977,0.6379,0.7583
1000,pryzm_actuel,toutes_avec_reponse,ndcg@10,183,0.6916,0.6372,0.7486
1000,pryzm_actuel,toutes_avec_reponse,complet@5,183,0.6885,0.6175,0.7541
1000,pryzm_actuel,toutes_avec_reponse,abstention_a_tort,183,0.0,0.0,0.0
1000,pryzm_actuel,toutes_avec_reponse,a_jour@5,24,0.2917,0.125,0.4583
1000,pryzm_actuel,toutes_avec_reponse,perime_en_tete,24,0.7083,0.5417,0.875
1000,pryzm_actuel,unanswerable,abstention_ok,40,0.0,0.0,0.0
1000,pryzm_hybride,multihop,r@1,24,0.375,0.2917,0.4583
1000,pryzm_hybride,multihop,r@5,24,0.5417,0.4375,0.6458
1000,pryzm_hybride,multihop,mrr,24,0.8264,0.6943,0.9375
1000,pryzm_hybride,multihop,ndcg@10,24,0.5719,0.4807,0.6552
1000,pryzm_hybride,multihop,complet@5,24,0.1667,0.0417,0.3333
1000,pryzm_hybride,multihop,abstention_a_tort,24,0.0,0.0,0.0
1000,pryzm_hybride,sans_reponse,abstention_ok,40,0.0,0.0,0.0
1000,pryzm_hybride,simple,r@1,135,0.6519,0.563,0.7333
1000,pryzm_hybride,simple,r@5,135,0.7407,0.6665,0.8148
1000,pryzm_hybride,simple,mrr,135,0.6949,0.6172,0.7664
1000,pryzm_hybride,simple,ndcg@10,135,0.715,0.6413,0.7823
1000,pryzm_hybride,simple,complet@5,135,0.7407,0.6665,0.8148
1000,pryzm_hybride,simple,abstention_a_tort,135,0.0,0.0,0.0
1000,pryzm_hybride,style_crosslingue,r@1,45,0.8,0.6667,0.9111
1000,pryzm_hybride,style_crosslingue,r@5,45,0.8222,0.6889,0.9333
1000,pryzm_hybride,style_crosslingue,mrr,45,0.8139,0.6907,0.9139
1000,pryzm_hybride,style_crosslingue,ndcg@10,45,0.826,0.7111,0.9191
1000,pryzm_hybride,style_crosslingue,complet@5,45,0.8222,0.6889,0.9333
1000,pryzm_hybride,style_crosslingue,abstention_a_tort,45,0.0,0.0,0.0
1000,pryzm_hybride,style_identifiant,r@1,4,1.0,1.0,1.0
1000,pryzm_hybride,style_identifiant,r@5,4,1.0,1.0,1.0
1000,pryzm_hybride,style_identifiant,mrr,4,1.0,1.0,1.0
1000,pryzm_hybride,style_identifiant,ndcg@10,4,1.0,1.0,1.0
1000,pryzm_hybride,style_identifiant,complet@5,4,1.0,1.0,1.0
1000,pryzm_hybride,style_identifiant,abstention_a_tort,4,0.0,0.0,0.0
1000,pryzm_hybride,style_indirecte,r@1,45,0.3778,0.2444,0.5333
1000,pryzm_hybride,style_indirecte,r@5,45,0.5111,0.3778,0.645
1000,pryzm_hybride,style_indirecte,mrr,45,0.4374,0.3059,0.5759
1000,pryzm_hybride,style_indirecte,ndcg@10,45,0.4661,0.3354,0.5991
1000,pryzm_hybride,style_indirecte,complet@5,45,0.5111,0.3778,0.645
1000,pryzm_hybride,style_indirecte,abstention_a_tort,45,0.0,0.0,0.0
1000,pryzm_hybride,style_paraphrase,r@1,41,0.7561,0.6098,0.878
1000,pryzm_hybride,style_paraphrase,r@5,41,0.878,0.7805,0.9756
1000,pryzm_hybride,style_paraphrase,mrr,41,0.8171,0.7033,0.9146
1000,pryzm_hybride,style_paraphrase,ndcg@10,41,0.8385,0.7323,0.9297
1000,pryzm_hybride,style_paraphrase,complet@5,41,0.878,0.7805,0.9756
1000,pryzm_hybride,style_paraphrase,abstention_a_tort,41,0.0,0.0,0.0
1000,pryzm_hybride,temporal,r@1,24,0.2917,0.125,0.4583
1000,pryzm_hybride,temporal,r@5,24,0.9167,0.7917,1.0
1000,pryzm_hybride,temporal,mrr,24,0.5847,0.4681,0.7028
1000,pryzm_hybride,temporal,ndcg@10,24,0.6798,0.5803,0.7783
1000,pryzm_hybride,temporal,complet@5,24,0.9167,0.7917,1.0
1000,pryzm_hybride,temporal,abstention_a_tort,24,0.0,0.0,0.0
1000,pryzm_hybride,temporal,a_jour@5,24,0.2917,0.125,0.4583
1000,pryzm_hybride,temporal,perime_en_tete,24,0.7083,0.5417,0.875
1000,pryzm_hybride,toutes_avec_reponse,r@1,183,0.5683,0.5,0.6366
1000,pryzm_hybride,toutes_avec_reponse,r@5,183,0.7377,0.6776,0.7951
1000,pryzm_hybride,toutes_avec_reponse,mrr,183,0.6977,0.6379,0.7583
1000,pryzm_hybride,toutes_avec_reponse,ndcg@10,183,0.6916,0.6372,0.7486
1000,pryzm_hybride,toutes_avec_reponse,complet@5,183,0.6885,0.6175,0.7541
1000,pryzm_hybride,toutes_avec_reponse,abstention_a_tort,183,0.0,0.0,0.0
1000,pryzm_hybride,toutes_avec_reponse,a_jour@5,24,0.2917,0.125,0.4583
1000,pryzm_hybride,toutes_avec_reponse,perime_en_tete,24,0.7083,0.5417,0.875
1000,pryzm_hybride,unanswerable,abstention_ok,40,0.0,0.0,0.0
1000,pryzm_passage,multihop,r@1,24,0.3333,0.2292,0.4167
1000,pryzm_passage,multihop,r@5,24,0.4375,0.3125,0.5625
1000,pryzm_passage,multihop,mrr,24,0.7014,0.5208,0.8681
1000,pryzm_passage,multihop,ndcg@10,24,0.4747,0.3536,0.589
1000,pryzm_passage,multihop,complet@5,24,0.125,0.0,0.2917
1000,pryzm_passage,multihop,abstention_a_tort,24,0.0,0.0,0.0
1000,pryzm_passage,sans_reponse,abstention_ok,40,0.0,0.0,0.0
1000,pryzm_passage,simple,r@1,135,0.6667,0.5852,0.7481
1000,pryzm_passage,simple,r@5,135,0.7259,0.6444,0.8
1000,pryzm_passage,simple,mrr,135,0.6983,0.619,0.7713
1000,pryzm_passage,simple,ndcg@10,135,0.7122,0.6347,0.7836
1000,pryzm_passage,simple,complet@5,135,0.7259,0.6444,0.8
1000,pryzm_passage,simple,abstention_a_tort,135,0.0,0.0,0.0
1000,pryzm_passage,style_crosslingue,r@1,45,0.8222,0.7111,0.9333
1000,pryzm_passage,style_crosslingue,r@5,45,0.8667,0.7556,0.9556
1000,pryzm_passage,style_crosslingue,mrr,45,0.8444,0.7333,0.9333
1000,pryzm_passage,style_crosslingue,ndcg@10,45,0.8503,0.7474,0.9392
1000,pryzm_passage,style_crosslingue,complet@5,45,0.8667,0.7556,0.9556
1000,pryzm_passage,style_crosslingue,abstention_a_tort,45,0.0,0.0,0.0
1000,pryzm_passage,style_identifiant,r@1,4,1.0,1.0,1.0
1000,pryzm_passage,style_identifiant,r@5,4,1.0,1.0,1.0
1000,pryzm_passage,style_identifiant,mrr,4,1.0,1.0,1.0
1000,pryzm_passage,style_identifiant,ndcg@10,4,1.0,1.0,1.0
1000,pryzm_passage,style_identifiant,complet@5,4,1.0,1.0,1.0
1000,pryzm_passage,style_identifiant,abstention_a_tort,4,0.0,0.0,0.0
1000,pryzm_passage,style_indirecte,r@1,45,0.3778,0.2444,0.5333
1000,pryzm_passage,style_indirecte,r@5,45,0.4444,0.3111,0.6
1000,pryzm_passage,style_indirecte,mrr,45,0.4139,0.2852,0.5584
1000,pryzm_passage,style_indirecte,ndcg@10,45,0.4369,0.3053,0.5807
1000,pryzm_passage,style_indirecte,complet@5,45,0.4444,0.3111,0.6
1000,pryzm_passage,style_indirecte,abstention_a_tort,45,0.0,0.0,0.0
1000,pryzm_passage,style_paraphrase,r@1,41,0.7805,0.6341,0.9024
1000,pryzm_passage,style_paraphrase,r@5,41,0.8537,0.7317,0.9512
1000,pryzm_passage,style_paraphrase,mrr,41,0.8206,0.7021,0.9268
1000,pryzm_passage,style_paraphrase,ndcg@10,41,0.8348,0.7201,0.9332
1000,pryzm_passage,style_paraphrase,complet@5,41,0.8537,0.7317,0.9512
1000,pryzm_passage,style_paraphrase,abstention_a_tort,41,0.0,0.0,0.0
1000,pryzm_passage,temporal,r@1,24,0.2917,0.125,0.4583
1000,pryzm_passage,temporal,r@5,24,0.875,0.75,1.0
1000,pryzm_passage,temporal,mrr,24,0.5444,0.4153,0.675
1000,pryzm_passage,temporal,ndcg@10,24,0.6285,0.5047,0.7473
1000,pryzm_passage,temporal,complet@5,24,0.875,0.75,1.0
1000,pryzm_passage,temporal,abstention_a_tort,24,0.0,0.0,0.0
1000,pryzm_passage,temporal,a_jour@5,24,0.2917,0.125,0.4583
1000,pryzm_passage,temporal,perime_en_tete,24,0.6667,0.4583,0.8333
1000,pryzm_passage,toutes_avec_reponse,r@1,183,0.5738,0.5055,0.6421
1000,pryzm_passage,toutes_avec_reponse,r@5,183,0.7077,0.6447,0.7732
1000,pryzm_passage,toutes_avec_reponse,mrr,183,0.6785,0.6164,0.7403
1000,pryzm_passage,toutes_avec_reponse,ndcg@10,183,0.6701,0.6103,0.7287
1000,pryzm_passage,toutes_avec_reponse,complet@5,183,0.6667,0.5956,0.7377
1000,pryzm_passage,toutes_avec_reponse,abstention_a_tort,183,0.0,0.0,0.0
1000,pryzm_passage,toutes_avec_reponse,a_jour@5,24,0.2917,0.125,0.4583
1000,pryzm_passage,toutes_avec_reponse,perime_en_tete,24,0.6667,0.4583,0.8333
1000,pryzm_passage,unanswerable,abstention_ok,40,0.0,0.0,0.0
1000,pryzm_sans_rerank,multihop,r@1,24,0.0,0.0,0.0
1000,pryzm_sans_rerank,multihop,r@5,24,0.0833,0.0208,0.1667
1000,pryzm_sans_rerank,multihop,mrr,24,0.0733,0.0268,0.1294
1000,pryzm_sans_rerank,multihop,ndcg@10,24,0.0765,0.0304,0.1301
1000,pryzm_sans_rerank,multihop,complet@5,24,0.0,0.0,0.0
1000,pryzm_sans_rerank,multihop,abstention_a_tort,24,0.0,0.0,0.0
1000,pryzm_sans_rerank,sans_reponse,abstention_ok,40,0.0,0.0,0.0
1000,pryzm_sans_rerank,simple,r@1,135,0.1778,0.1185,0.2444
1000,pryzm_sans_rerank,simple,r@5,135,0.4593,0.3778,0.5407
1000,pryzm_sans_rerank,simple,mrr,135,0.2887,0.2279,0.3484
1000,pryzm_sans_rerank,simple,ndcg@10,135,0.3463,0.2835,0.4069
1000,pryzm_sans_rerank,simple,complet@5,135,0.4593,0.3778,0.5407
1000,pryzm_sans_rerank,simple,abstention_a_tort,135,0.0,0.0,0.0
1000,pryzm_sans_rerank,style_crosslingue,r@1,45,0.1556,0.0444,0.2667
1000,pryzm_sans_rerank,style_crosslingue,r@5,45,0.4889,0.3333,0.6222
1000,pryzm_sans_rerank,style_crosslingue,mrr,45,0.2911,0.1934,0.3976
1000,pryzm_sans_rerank,style_crosslingue,ndcg@10,45,0.3559,0.2505,0.4632
1000,pryzm_sans_rerank,style_crosslingue,complet@5,45,0.4889,0.3333,0.6222
1000,pryzm_sans_rerank,style_crosslingue,abstention_a_tort,45,0.0,0.0,0.0
1000,pryzm_sans_rerank,style_identifiant,r@1,4,0.0,0.0,0.0
1000,pryzm_sans_rerank,style_identifiant,r@5,4,0.25,0.0,0.75
1000,pryzm_sans_rerank,style_identifiant,mrr,4,0.1042,0.0,0.2083
1000,pryzm_sans_rerank,style_identifiant,ndcg@10,4,0.1967,0.0,0.3934
1000,pryzm_sans_rerank,style_identifiant,complet@5,4,0.25,0.0,0.75
1000,pryzm_sans_rerank,style_identifiant,abstention_a_tort,4,0.0,0.0,0.0
1000,pryzm_sans_rerank,style_indirecte,r@1,45,0.1556,0.0444,0.2667
1000,pryzm_sans_rerank,style_indirecte,r@5,45,0.3778,0.2444,0.5111
1000,pryzm_sans_rerank,style_indirecte,mrr,45,0.2256,0.1254,0.3331
1000,pryzm_sans_rerank,style_indirecte,ndcg@10,45,0.2724,0.1671,0.3808
1000,pryzm_sans_rerank,style_indirecte,complet@5,45,0.3778,0.2444,0.5111
1000,pryzm_sans_rerank,style_indirecte,abstention_a_tort,45,0.0,0.0,0.0
1000,pryzm_sans_rerank,style_paraphrase,r@1,41,0.2439,0.122,0.3902
1000,pryzm_sans_rerank,style_paraphrase,r@5,41,0.5366,0.3659,0.7073
1000,pryzm_sans_rerank,style_paraphrase,mrr,41,0.3734,0.2515,0.4994
1000,pryzm_sans_rerank,style_paraphrase,ndcg@10,41,0.4315,0.3043,0.5593
1000,pryzm_sans_rerank,style_paraphrase,complet@5,41,0.5366,0.3659,0.7073
1000,pryzm_sans_rerank,style_paraphrase,abstention_a_tort,41,0.0,0.0,0.0
1000,pryzm_sans_rerank,temporal,r@1,24,0.0417,0.0,0.125
1000,pryzm_sans_rerank,temporal,r@5,24,0.75,0.5833,0.9167
1000,pryzm_sans_rerank,temporal,mrr,24,0.3035,0.2333,0.3858
1000,pryzm_sans_rerank,temporal,ndcg@10,24,0.4609,0.3923,0.5322
1000,pryzm_sans_rerank,temporal,complet@5,24,0.75,0.5833,0.9167
1000,pryzm_sans_rerank,temporal,abstention_a_tort,24,0.0,0.0,0.0
1000,pryzm_sans_rerank,temporal,a_jour@5,24,0.75,0.5833,0.9167
1000,pryzm_sans_rerank,temporal,perime_en_tete,24,0.0,0.0,0.0
1000,pryzm_sans_rerank,toutes_avec_reponse,r@1,183,0.1366,0.0874,0.1858
1000,pryzm_sans_rerank,toutes_avec_reponse,r@5,183,0.4481,0.3798,0.5165
1000,pryzm_sans_rerank,toutes_avec_reponse,mrr,183,0.2624,0.2138,0.3089
1000,pryzm_sans_rerank,toutes_avec_reponse,ndcg@10,183,0.326,0.2755,0.3752
1000,pryzm_sans_rerank,toutes_avec_reponse,complet@5,183,0.4372,0.3661,0.5082
1000,pryzm_sans_rerank,toutes_avec_reponse,abstention_a_tort,183,0.0,0.0,0.0
1000,pryzm_sans_rerank,toutes_avec_reponse,a_jour@5,24,0.75,0.5833,0.9167
1000,pryzm_sans_rerank,toutes_avec_reponse,perime_en_tete,24,0.0,0.0,0.0
1000,pryzm_sans_rerank,unanswerable,abstention_ok,40,0.0,0.0,0.0
2000,bm25,multihop,r@1,24,0.4167,0.3333,0.4792
2000,bm25,multihop,r@5,24,0.5208,0.4375,0.6042
2000,bm25,multihop,mrr,24,0.8611,0.7222,0.9722
2000,bm25,multihop,ndcg@10,24,0.6173,0.5136,0.7155
2000,bm25,multihop,complet@5,24,0.125,0.0,0.25
2000,bm25,multihop,abstention_a_tort,24,0.0833,0.0,0.2083
2000,bm25,sans_reponse,abstention_ok,40,0.575,0.425,0.725
2000,bm25,simple,r@1,135,0.4222,0.3407,0.5037
2000,bm25,simple,r@5,135,0.5037,0.4222,0.5852
2000,bm25,simple,mrr,135,0.4555,0.3762,0.5363
2000,bm25,simple,ndcg@10,135,0.4709,0.3919,0.5504
2000,bm25,simple,complet@5,135,0.5037,0.4222,0.5852
2000,bm25,simple,abstention_a_tort,135,0.1259,0.0741,0.1852
2000,bm25,style_crosslingue,r@1,45,0.3333,0.2,0.4889
2000,bm25,style_crosslingue,r@5,45,0.4222,0.2889,0.5778
2000,bm25,style_crosslingue,mrr,45,0.3611,0.2352,0.5019
2000,bm25,style_crosslingue,ndcg@10,45,0.3762,0.254,0.5192
2000,bm25,style_crosslingue,complet@5,45,0.4222,0.2889,0.5778
2000,bm25,style_crosslingue,abstention_a_tort,45,0.2444,0.1333,0.3778
2000,bm25,style_identifiant,r@1,4,1.0,1.0,1.0
2000,bm25,style_identifiant,r@5,4,1.0,1.0,1.0
2000,bm25,style_identifiant,mrr,4,1.0,1.0,1.0
2000,bm25,style_identifiant,ndcg@10,4,1.0,1.0,1.0
2000,bm25,style_identifiant,complet@5,4,1.0,1.0,1.0
2000,bm25,style_identifiant,abstention_a_tort,4,0.0,0.0,0.0
2000,bm25,style_indirecte,r@1,45,0.1556,0.0667,0.2667
2000,bm25,style_indirecte,r@5,45,0.2889,0.1556,0.4222
2000,bm25,style_indirecte,mrr,45,0.2165,0.1155,0.3341
2000,bm25,style_indirecte,ndcg@10,45,0.2447,0.1416,0.3642
2000,bm25,style_indirecte,complet@5,45,0.2889,0.1556,0.4222
2000,bm25,style_indirecte,abstention_a_tort,45,0.1111,0.0222,0.2222
2000,bm25,style_paraphrase,r@1,41,0.7561,0.6341,0.878
2000,bm25,style_paraphrase,r@5,41,0.7805,0.6579,0.9024
2000,bm25,style_paraphrase,mrr,41,0.7683,0.6341,0.8902
2000,bm25,style_paraphrase,ndcg@10,41,0.7715,0.6341,0.8934
2000,bm25,style_paraphrase,complet@5,41,0.7805,0.6579,0.9024
2000,bm25,style_paraphrase,abstention_a_tort,41,0.0244,0.0,0.0732
2000,bm25,temporal,r@1,24,0.0833,0.0,0.2083
2000,bm25,temporal,r@5,24,0.5417,0.3333,0.75
2000,bm25,temporal,mrr,24,0.299,0.1819,0.4195
2000,bm25,temporal,ndcg@10,24,0.3802,0.2489,0.5131
2000,bm25,temporal,complet@5,24,0.5417,0.3333,0.75
2000,bm25,temporal,abstention_a_tort,24,0.125,0.0,0.25
2000,bm25,temporal,a_jour@5,24,0.0833,0.0,0.2083
2000,bm25,temporal,perime_en_tete,24,0.625,0.4167,0.7917
2000,bm25,toutes_avec_reponse,r@1,183,0.377,0.3142,0.4399
2000,bm25,toutes_avec_reponse,r@5,183,0.5109,0.4426,0.5792
2000,bm25,toutes_avec_reponse,mrr,183,0.4882,0.4202,0.5524
2000,bm25,toutes_avec_reponse,ndcg@10,183,0.4782,0.4152,0.5398
2000,bm25,toutes_avec_reponse,complet@5,183,0.459,0.388,0.5301
2000,bm25,toutes_avec_reponse,abstention_a_tort,183,0.1202,0.0765,0.1694
2000,bm25,toutes_avec_reponse,a_jour@5,24,0.0833,0.0,0.2083
2000,bm25,toutes_avec_reponse,perime_en_tete,24,0.625,0.4167,0.7917
2000,bm25,unanswerable,abstention_ok,40,0.575,0.425,0.725
2000,contexte_2000,multihop,present_dans_contexte,24,0.0,0.0,0.0
2000,contexte_2000,simple,present_dans_contexte,135,0.0,0.0,0.0
2000,contexte_2000,style_crosslingue,present_dans_contexte,45,0.0,0.0,0.0
2000,contexte_2000,style_identifiant,present_dans_contexte,4,0.0,0.0,0.0
2000,contexte_2000,style_indirecte,present_dans_contexte,45,0.0,0.0,0.0
2000,contexte_2000,style_paraphrase,present_dans_contexte,41,0.0,0.0,0.0
2000,contexte_2000,temporal,present_dans_contexte,24,0.0,0.0,0.0
2000,contexte_2000,toutes_avec_reponse,present_dans_contexte,183,0.0,0.0,0.0
2000,contexte_20000,multihop,present_dans_contexte,24,0.0,0.0,0.0
2000,contexte_20000,simple,present_dans_contexte,135,0.1778,0.1185,0.2444
2000,contexte_20000,style_crosslingue,present_dans_contexte,45,0.1778,0.0667,0.2889
2000,contexte_20000,style_identifiant,present_dans_contexte,4,0.0,0.0,0.0
2000,contexte_20000,style_indirecte,present_dans_contexte,45,0.1778,0.0667,0.2889
2000,contexte_20000,style_paraphrase,present_dans_contexte,41,0.1951,0.0976,0.3171
2000,contexte_20000,temporal,present_dans_contexte,24,1.0,1.0,1.0
2000,contexte_20000,toutes_avec_reponse,present_dans_contexte,183,0.2623,0.2022,0.3279
2000,contexte_6000,multihop,present_dans_contexte,24,0.0,0.0,0.0
2000,contexte_6000,simple,present_dans_contexte,135,0.0222,0.0,0.0519
2000,contexte_6000,style_crosslingue,present_dans_contexte,45,0.0222,0.0,0.0667
2000,contexte_6000,style_identifiant,present_dans_contexte,4,0.0,0.0,0.0
2000,contexte_6000,style_indirecte,present_dans_contexte,45,0.0222,0.0,0.0667
2000,contexte_6000,style_paraphrase,present_dans_contexte,41,0.0244,0.0,0.0732
2000,contexte_6000,temporal,present_dans_contexte,24,0.3333,0.1667,0.5417
2000,contexte_6000,toutes_avec_reponse,present_dans_contexte,183,0.0601,0.0273,0.0984
2000,dense_e5,multihop,r@1,24,0.3125,0.2083,0.3958
2000,dense_e5,multihop,r@5,24,0.4375,0.3333,0.5417
2000,dense_e5,multihop,mrr,24,0.6969,0.5278,0.8532
2000,dense_e5,multihop,ndcg@10,24,0.492,0.3858,0.5903
2000,dense_e5,multihop,complet@5,24,0.0833,0.0,0.2083
2000,dense_e5,multihop,abstention_a_tort,24,0.0,0.0,0.0
2000,dense_e5,sans_reponse,abstention_ok,40,0.0,0.0,0.0
2000,dense_e5,simple,r@1,135,0.563,0.4815,0.6444
2000,dense_e5,simple,r@5,135,0.7037,0.6296,0.7778
2000,dense_e5,simple,mrr,135,0.6216,0.5466,0.6957
2000,dense_e5,simple,ndcg@10,135,0.6504,0.5794,0.7211
2000,dense_e5,simple,complet@5,135,0.7037,0.6296,0.7778
2000,dense_e5,simple,abstention_a_tort,135,0.0,0.0,0.0
2000,dense_e5,style_crosslingue,r@1,45,0.6667,0.5333,0.8
2000,dense_e5,style_crosslingue,r@5,45,0.7778,0.6444,0.8889
2000,dense_e5,style_crosslingue,mrr,45,0.7177,0.5952,0.8358
2000,dense_e5,style_crosslingue,ndcg@10,45,0.7425,0.6232,0.8546
2000,dense_e5,style_crosslingue,complet@5,45,0.7778,0.6444,0.8889
2000,dense_e5,style_crosslingue,abstention_a_tort,45,0.0,0.0,0.0
2000,dense_e5,style_identifiant,r@1,4,1.0,1.0,1.0
2000,dense_e5,style_identifiant,r@5,4,1.0,1.0,1.0
2000,dense_e5,style_identifiant,mrr,4,1.0,1.0,1.0
2000,dense_e5,style_identifiant,ndcg@10,4,1.0,1.0,1.0
2000,dense_e5,style_identifiant,complet@5,4,1.0,1.0,1.0
2000,dense_e5,style_identifiant,abstention_a_tort,4,0.0,0.0,0.0
2000,dense_e5,style_indirecte,r@1,45,0.2444,0.1333,0.3778
2000,dense_e5,style_indirecte,r@5,45,0.4222,0.2889,0.5778
2000,dense_e5,style_indirecte,mrr,45,0.3126,0.2009,0.4489
2000,dense_e5,style_indirecte,ndcg@10,45,0.3495,0.2341,0.484
2000,dense_e5,style_indirecte,complet@5,45,0.4222,0.2889,0.5778
2000,dense_e5,style_indirecte,abstention_a_tort,45,0.0,0.0,0.0
2000,dense_e5,style_paraphrase,r@1,41,0.7561,0.6341,0.878
2000,dense_e5,style_paraphrase,r@5,41,0.9024,0.8049,0.9756
2000,dense_e5,style_paraphrase,mrr,41,0.8185,0.7128,0.9167
2000,dense_e5,style_paraphrase,ndcg@10,41,0.8453,0.7477,0.9315
2000,dense_e5,style_paraphrase,complet@5,41,0.9024,0.8049,0.9756
2000,dense_e5,style_paraphrase,abstention_a_tort,41,0.0,0.0,0.0
2000,dense_e5,temporal,r@1,24,0.2917,0.125,0.5
2000,dense_e5,temporal,r@5,24,1.0,1.0,1.0
2000,dense_e5,temporal,mrr,24,0.6181,0.5208,0.7222
2000,dense_e5,temporal,ndcg@10,24,0.7168,0.6443,0.7946
2000,dense_e5,temporal,complet@5,24,1.0,1.0,1.0
2000,dense_e5,temporal,abstention_a_tort,24,0.0,0.0,0.0
2000,dense_e5,temporal,a_jour@5,24,0.3333,0.1667,0.5417
2000,dense_e5,temporal,perime_en_tete,24,0.6667,0.4583,0.8333
2000,dense_e5,toutes_avec_reponse,r@1,183,0.4945,0.4289,0.5656
2000,dense_e5,toutes_avec_reponse,r@5,183,0.7077,0.6448,0.7678
2000,dense_e5,toutes_avec_reponse,mrr,183,0.631,0.5711,0.6937
2000,dense_e5,toutes_avec_reponse,ndcg@10,183,0.6383,0.5831,0.6953
2000,dense_e5,toutes_avec_reponse,complet@5,183,0.6612,0.5902,0.7268
2000,dense_e5,toutes_avec_reponse,abstention_a_tort,183,0.0,0.0,0.0
2000,dense_e5,toutes_avec_reponse,a_jour@5,24,0.3333,0.1667,0.5417
2000,dense_e5,toutes_avec_reponse,perime_en_tete,24,0.6667,0.4583,0.8333
2000,dense_e5,unanswerable,abstention_ok,40,0.0,0.0,0.0
2000,pryzm_actuel,multihop,r@1,24,0.3542,0.25,0.4375
2000,pryzm_actuel,multihop,r@5,24,0.4792,0.3958,0.5625
2000,pryzm_actuel,multihop,mrr,24,0.7743,0.6146,0.9097
2000,pryzm_actuel,multihop,ndcg@10,24,0.5141,0.4145,0.6035
2000,pryzm_actuel,multihop,complet@5,24,0.0833,0.0,0.2083
2000,pryzm_actuel,multihop,abstention_a_tort,24,0.0,0.0,0.0
2000,pryzm_actuel,sans_reponse,abstention_ok,40,0.0,0.0,0.0
2000,pryzm_actuel,simple,r@1,135,0.6074,0.5185,0.6889
2000,pryzm_actuel,simple,r@5,135,0.6889,0.6074,0.763
2000,pryzm_actuel,simple,mrr,135,0.6433,0.5634,0.7164
2000,pryzm_actuel,simple,ndcg@10,135,0.6598,0.582,0.732
2000,pryzm_actuel,simple,complet@5,135,0.6889,0.6074,0.763
2000,pryzm_actuel,simple,abstention_a_tort,135,0.0,0.0,0.0
2000,pryzm_actuel,style_crosslingue,r@1,45,0.7111,0.5778,0.8444
2000,pryzm_actuel,style_crosslingue,r@5,45,0.7556,0.6222,0.8667
2000,pryzm_actuel,style_crosslingue,mrr,45,0.7296,0.5962,0.8481
2000,pryzm_actuel,style_crosslingue,ndcg@10,45,0.7362,0.6,0.8556
2000,pryzm_actuel,style_crosslingue,complet@5,45,0.7556,0.6222,0.8667
2000,pryzm_actuel,style_crosslingue,abstention_a_tort,45,0.0,0.0,0.0
2000,pryzm_actuel,style_identifiant,r@1,4,1.0,1.0,1.0
2000,pryzm_actuel,style_identifiant,r@5,4,1.0,1.0,1.0
2000,pryzm_actuel,style_identifiant,mrr,4,1.0,1.0,1.0
2000,pryzm_actuel,style_identifiant,ndcg@10,4,1.0,1.0,1.0
2000,pryzm_actuel,style_identifiant,complet@5,4,1.0,1.0,1.0
2000,pryzm_actuel,style_identifiant,abstention_a_tort,4,0.0,0.0,0.0
2000,pryzm_actuel,style_indirecte,r@1,45,0.3333,0.2,0.4889
2000,pryzm_actuel,style_indirecte,r@5,45,0.4222,0.2889,0.5778
2000,pryzm_actuel,style_indirecte,mrr,45,0.3693,0.2433,0.5185
2000,pryzm_actuel,style_indirecte,ndcg@10,45,0.3925,0.2651,0.5408
2000,pryzm_actuel,style_indirecte,complet@5,45,0.4222,0.2889,0.5778
2000,pryzm_actuel,style_indirecte,abstention_a_tort,45,0.0,0.0,0.0
2000,pryzm_actuel,style_paraphrase,r@1,41,0.7561,0.6098,0.878
2000,pryzm_actuel,style_paraphrase,r@5,41,0.878,0.7805,0.9756
2000,pryzm_actuel,style_paraphrase,mrr,41,0.8145,0.7021,0.9146
2000,pryzm_actuel,style_paraphrase,ndcg@10,41,0.8363,0.7312,0.9275
2000,pryzm_actuel,style_paraphrase,complet@5,41,0.878,0.7805,0.9756
2000,pryzm_actuel,style_paraphrase,abstention_a_tort,41,0.0,0.0,0.0
2000,pryzm_actuel,temporal,r@1,24,0.2917,0.125,0.4583
2000,pryzm_actuel,temporal,r@5,24,0.9583,0.875,1.0
2000,pryzm_actuel,temporal,mrr,24,0.5861,0.4708,0.7042
2000,pryzm_actuel,temporal,ndcg@10,24,0.681,0.5828,0.7788
2000,pryzm_actuel,temporal,complet@5,24,0.9583,0.875,1.0
2000,pryzm_actuel,temporal,abstention_a_tort,24,0.0,0.0,0.0
2000,pryzm_actuel,temporal,a_jour@5,24,0.2917,0.125,0.4583
2000,pryzm_actuel,temporal,perime_en_tete,24,0.7083,0.5417,0.875
2000,pryzm_actuel,toutes_avec_reponse,r@1,183,0.5328,0.4645,0.6011
2000,pryzm_actuel,toutes_avec_reponse,r@5,183,0.6967,0.6338,0.7568
2000,pryzm_actuel,toutes_avec_reponse,mrr,183,0.653,0.5893,0.7145
2000,pryzm_actuel,toutes_avec_reponse,ndcg@10,183,0.6435,0.5831,0.7013
2000,pryzm_actuel,toutes_avec_reponse,complet@5,183,0.6448,0.5792,0.7104
2000,pryzm_actuel,toutes_avec_reponse,abstention_a_tort,183,0.0,0.0,0.0
2000,pryzm_actuel,toutes_avec_reponse,a_jour@5,24,0.2917,0.125,0.4583
2000,pryzm_actuel,toutes_avec_reponse,perime_en_tete,24,0.7083,0.5417,0.875
2000,pryzm_actuel,unanswerable,abstention_ok,40,0.0,0.0,0.0
2000,pryzm_hybride,multihop,r@1,24,0.3542,0.25,0.4375
2000,pryzm_hybride,multihop,r@5,24,0.4792,0.3958,0.5625
2000,pryzm_hybride,multihop,mrr,24,0.7743,0.6146,0.9097
2000,pryzm_hybride,multihop,ndcg@10,24,0.5141,0.4145,0.6035
2000,pryzm_hybride,multihop,complet@5,24,0.0833,0.0,0.2083
2000,pryzm_hybride,multihop,abstention_a_tort,24,0.0,0.0,0.0
2000,pryzm_hybride,sans_reponse,abstention_ok,40,0.0,0.0,0.0
2000,pryzm_hybride,simple,r@1,135,0.6074,0.5185,0.6889
2000,pryzm_hybride,simple,r@5,135,0.6889,0.6074,0.763
2000,pryzm_hybride,simple,mrr,135,0.6433,0.5634,0.7164
2000,pryzm_hybride,simple,ndcg@10,135,0.6598,0.582,0.732
2000,pryzm_hybride,simple,complet@5,135,0.6889,0.6074,0.763
2000,pryzm_hybride,simple,abstention_a_tort,135,0.0,0.0,0.0
2000,pryzm_hybride,style_crosslingue,r@1,45,0.7111,0.5778,0.8444
2000,pryzm_hybride,style_crosslingue,r@5,45,0.7556,0.6222,0.8667
2000,pryzm_hybride,style_crosslingue,mrr,45,0.7296,0.5962,0.8481
2000,pryzm_hybride,style_crosslingue,ndcg@10,45,0.7362,0.6,0.8556
2000,pryzm_hybride,style_crosslingue,complet@5,45,0.7556,0.6222,0.8667
2000,pryzm_hybride,style_crosslingue,abstention_a_tort,45,0.0,0.0,0.0
2000,pryzm_hybride,style_identifiant,r@1,4,1.0,1.0,1.0
2000,pryzm_hybride,style_identifiant,r@5,4,1.0,1.0,1.0
2000,pryzm_hybride,style_identifiant,mrr,4,1.0,1.0,1.0
2000,pryzm_hybride,style_identifiant,ndcg@10,4,1.0,1.0,1.0
2000,pryzm_hybride,style_identifiant,complet@5,4,1.0,1.0,1.0
2000,pryzm_hybride,style_identifiant,abstention_a_tort,4,0.0,0.0,0.0
2000,pryzm_hybride,style_indirecte,r@1,45,0.3333,0.2,0.4889
2000,pryzm_hybride,style_indirecte,r@5,45,0.4222,0.2889,0.5778
2000,pryzm_hybride,style_indirecte,mrr,45,0.3693,0.2433,0.5185
2000,pryzm_hybride,style_indirecte,ndcg@10,45,0.3925,0.2651,0.5408
2000,pryzm_hybride,style_indirecte,complet@5,45,0.4222,0.2889,0.5778
2000,pryzm_hybride,style_indirecte,abstention_a_tort,45,0.0,0.0,0.0
2000,pryzm_hybride,style_paraphrase,r@1,41,0.7561,0.6098,0.878
2000,pryzm_hybride,style_paraphrase,r@5,41,0.878,0.7805,0.9756
2000,pryzm_hybride,style_paraphrase,mrr,41,0.8145,0.7021,0.9146
2000,pryzm_hybride,style_paraphrase,ndcg@10,41,0.8363,0.7312,0.9275
2000,pryzm_hybride,style_paraphrase,complet@5,41,0.878,0.7805,0.9756
2000,pryzm_hybride,style_paraphrase,abstention_a_tort,41,0.0,0.0,0.0
2000,pryzm_hybride,temporal,r@1,24,0.2917,0.125,0.4583
2000,pryzm_hybride,temporal,r@5,24,0.9583,0.875,1.0
2000,pryzm_hybride,temporal,mrr,24,0.5861,0.4708,0.7042
2000,pryzm_hybride,temporal,ndcg@10,24,0.681,0.5828,0.7788
2000,pryzm_hybride,temporal,complet@5,24,0.9583,0.875,1.0
2000,pryzm_hybride,temporal,abstention_a_tort,24,0.0,0.0,0.0
2000,pryzm_hybride,temporal,a_jour@5,24,0.2917,0.125,0.4583
2000,pryzm_hybride,temporal,perime_en_tete,24,0.7083,0.5417,0.875
2000,pryzm_hybride,toutes_avec_reponse,r@1,183,0.5328,0.4645,0.6011
2000,pryzm_hybride,toutes_avec_reponse,r@5,183,0.6967,0.6338,0.7568
2000,pryzm_hybride,toutes_avec_reponse,mrr,183,0.653,0.5893,0.7145
2000,pryzm_hybride,toutes_avec_reponse,ndcg@10,183,0.6435,0.5831,0.7013
2000,pryzm_hybride,toutes_avec_reponse,complet@5,183,0.6448,0.5792,0.7104
2000,pryzm_hybride,toutes_avec_reponse,abstention_a_tort,183,0.0,0.0,0.0
2000,pryzm_hybride,toutes_avec_reponse,a_jour@5,24,0.2917,0.125,0.4583
2000,pryzm_hybride,toutes_avec_reponse,perime_en_tete,24,0.7083,0.5417,0.875
2000,pryzm_hybride,unanswerable,abstention_ok,40,0.0,0.0,0.0
2000,pryzm_passage,multihop,r@1,24,0.3542,0.2708,0.4375
2000,pryzm_passage,multihop,r@5,24,0.4167,0.3125,0.5214
2000,pryzm_passage,multihop,mrr,24,0.7222,0.5417,0.8889
2000,pryzm_passage,multihop,ndcg@10,24,0.4742,0.3559,0.5908
2000,pryzm_passage,multihop,complet@5,24,0.0833,0.0,0.2083
2000,pryzm_passage,multihop,abstention_a_tort,24,0.0,0.0,0.0
2000,pryzm_passage,sans_reponse,abstention_ok,40,0.0,0.0,0.0
2000,pryzm_passage,simple,r@1,135,0.5852,0.5037,0.6669
2000,pryzm_passage,simple,r@5,135,0.637,0.5556,0.7185
2000,pryzm_passage,simple,mrr,135,0.6099,0.5296,0.6914
2000,pryzm_passage,simple,ndcg@10,135,0.6169,0.5382,0.6984
2000,pryzm_passage,simple,complet@5,135,0.637,0.5556,0.7185
2000,pryzm_passage,simple,abstention_a_tort,135,0.0,0.0,0.0
2000,pryzm_passage,style_crosslingue,r@1,45,0.6444,0.4889,0.7778
2000,pryzm_passage,style_crosslingue,r@5,45,0.6889,0.5333,0.8222
2000,pryzm_passage,style_crosslingue,mrr,45,0.6667,0.5222,0.7892
2000,pryzm_passage,style_crosslingue,ndcg@10,45,0.6725,0.5251,0.7977
2000,pryzm_passage,style_crosslingue,complet@5,45,0.6889,0.5333,0.8222
2000,pryzm_passage,style_crosslingue,abstention_a_tort,45,0.0,0.0,0.0
2000,pryzm_passage,style_identifiant,r@1,4,0.75,0.25,1.0
2000,pryzm_passage,style_identifiant,r@5,4,0.75,0.25,1.0
2000,pryzm_passage,style_identifiant,mrr,4,0.75,0.25,1.0
2000,pryzm_passage,style_identifiant,ndcg@10,4,0.75,0.25,1.0
2000,pryzm_passage,style_identifiant,complet@5,4,0.75,0.25,1.0
2000,pryzm_passage,style_identifiant,abstention_a_tort,4,0.0,0.0,0.0
2000,pryzm_passage,style_indirecte,r@1,45,0.3556,0.2222,0.5111
2000,pryzm_passage,style_indirecte,r@5,45,0.4,0.2667,0.5556
2000,pryzm_passage,style_indirecte,mrr,45,0.3741,0.2444,0.5185
2000,pryzm_passage,style_indirecte,ndcg@10,45,0.3807,0.2474,0.5251
2000,pryzm_passage,style_indirecte,complet@5,45,0.4,0.2667,0.5556
2000,pryzm_passage,style_indirecte,abstention_a_tort,45,0.0,0.0,0.0
2000,pryzm_passage,style_paraphrase,r@1,41,0.7561,0.6098,0.878
2000,pryzm_passage,style_paraphrase,r@5,41,0.8293,0.7073,0.9268
2000,pryzm_passage,style_paraphrase,mrr,41,0.7927,0.6585,0.9024
2000,pryzm_passage,style_paraphrase,ndcg@10,41,0.8023,0.6739,0.9088
2000,pryzm_passage,style_paraphrase,complet@5,41,0.8293,0.7073,0.9268
2000,pryzm_passage,style_paraphrase,abstention_a_tort,41,0.0,0.0,0.0
2000,pryzm_passage,temporal,r@1,24,0.2917,0.125,0.4583
2000,pryzm_passage,temporal,r@5,24,0.875,0.75,1.0
2000,pryzm_passage,temporal,mrr,24,0.5444,0.4153,0.675
2000,pryzm_passage,temporal,ndcg@10,24,0.6285,0.5047,0.7473
2000,pryzm_passage,temporal,complet@5,24,0.875,0.75,1.0
2000,pryzm_passage,temporal,abstention_a_tort,24,0.0,0.0,0.0
2000,pryzm_passage,temporal,a_jour@5,24,0.2917,0.125,0.4583
2000,pryzm_passage,temporal,perime_en_tete,24,0.6667,0.4583,0.8333
2000,pryzm_passage,toutes_avec_reponse,r@1,183,0.5164,0.4481,0.5874
2000,pryzm_passage,toutes_avec_reponse,r@5,183,0.6393,0.5738,0.7077
2000,pryzm_passage,toutes_avec_reponse,mrr,183,0.616,0.551,0.6833
2000,pryzm_passage,toutes_avec_reponse,ndcg@10,183,0.5997,0.5394,0.6648
2000,pryzm_passage,toutes_avec_reponse,complet@5,183,0.5956,0.5299,0.6667
2000,pryzm_passage,toutes_avec_reponse,abstention_a_tort,183,0.0,0.0,0.0
2000,pryzm_passage,toutes_avec_reponse,a_jour@5,24,0.2917,0.125,0.4583
2000,pryzm_passage,toutes_avec_reponse,perime_en_tete,24,0.6667,0.4583,0.8333
2000,pryzm_passage,unanswerable,abstention_ok,40,0.0,0.0,0.0
2000,pryzm_sans_rerank,multihop,r@1,24,0.0,0.0,0.0
2000,pryzm_sans_rerank,multihop,r@5,24,0.0417,0.0,0.1042
2000,pryzm_sans_rerank,multihop,mrr,24,0.0521,0.0174,0.0938
2000,pryzm_sans_rerank,multihop,ndcg@10,24,0.0602,0.0201,0.1057
2000,pryzm_sans_rerank,multihop,complet@5,24,0.0,0.0,0.0
2000,pryzm_sans_rerank,multihop,abstention_a_tort,24,0.0,0.0,0.0
2000,pryzm_sans_rerank,sans_reponse,abstention_ok,40,0.0,0.0,0.0
2000,pryzm_sans_rerank,simple,r@1,135,0.1259,0.0741,0.1852
2000,pryzm_sans_rerank,simple,r@5,135,0.3926,0.3111,0.4741
2000,pryzm_sans_rerank,simple,mrr,135,0.2352,0.1819,0.29
2000,pryzm_sans_rerank,simple,ndcg@10,135,0.2899,0.2334,0.3482
2000,pryzm_sans_rerank,simple,complet@5,135,0.3926,0.3111,0.4741
2000,pryzm_sans_rerank,simple,abstention_a_tort,135,0.0,0.0,0.0
2000,pryzm_sans_rerank,style_crosslingue,r@1,45,0.1111,0.0222,0.2222
2000,pryzm_sans_rerank,style_crosslingue,r@5,45,0.3778,0.2444,0.5111
2000,pryzm_sans_rerank,style_crosslingue,mrr,45,0.2243,0.1343,0.3211
2000,pryzm_sans_rerank,style_crosslingue,ndcg@10,45,0.2782,0.1793,0.3816
2000,pryzm_sans_rerank,style_crosslingue,complet@5,45,0.3778,0.2444,0.5111
2000,pryzm_sans_rerank,style_crosslingue,abstention_a_tort,45,0.0,0.0,0.0
2000,pryzm_sans_rerank,style_identifiant,r@1,4,0.0,0.0,0.0
2000,pryzm_sans_rerank,style_identifiant,r@5,4,0.0,0.0,0.0
2000,pryzm_sans_rerank,style_identifiant,mrr,4,0.0774,0.0,0.1548
2000,pryzm_sans_rerank,style_identifiant,ndcg@10,4,0.1724,0.0,0.3448
2000,pryzm_sans_rerank,style_identifiant,complet@5,4,0.0,0.0,0.0
2000,pryzm_sans_rerank,style_identifiant,abstention_a_tort,4,0.0,0.0,0.0
2000,pryzm_sans_rerank,style_indirecte,r@1,45,0.0889,0.0222,0.1778
2000,pryzm_sans_rerank,style_indirecte,r@5,45,0.3111,0.1778,0.4444
2000,pryzm_sans_rerank,style_indirecte,mrr,45,0.1695,0.0869,0.2621
2000,pryzm_sans_rerank,style_indirecte,ndcg@10,45,0.2196,0.1278,0.3182
2000,pryzm_sans_rerank,style_indirecte,complet@5,45,0.3111,0.1778,0.4444
2000,pryzm_sans_rerank,style_indirecte,abstention_a_tort,45,0.0,0.0,0.0
2000,pryzm_sans_rerank,style_paraphrase,r@1,41,0.1951,0.0732,0.3171
2000,pryzm_sans_rerank,style_paraphrase,r@5,41,0.5366,0.3902,0.7073
2000,pryzm_sans_rerank,style_paraphrase,mrr,41,0.3348,0.2229,0.4507
2000,pryzm_sans_rerank,style_paraphrase,ndcg@10,41,0.3915,0.2751,0.5109
2000,pryzm_sans_rerank,style_paraphrase,complet@5,41,0.5366,0.3902,0.7073
2000,pryzm_sans_rerank,style_paraphrase,abstention_a_tort,41,0.0,0.0,0.0
2000,pryzm_sans_rerank,temporal,r@1,24,0.0833,0.0,0.2083
2000,pryzm_sans_rerank,temporal,r@5,24,0.75,0.5833,0.9167
2000,pryzm_sans_rerank,temporal,mrr,24,0.3539,0.2702,0.456
2000,pryzm_sans_rerank,temporal,ndcg@10,24,0.5087,0.4427,0.5874
2000,pryzm_sans_rerank,temporal,complet@5,24,0.75,0.5833,0.9167
2000,pryzm_sans_rerank,temporal,abstention_a_tort,24,0.0,0.0,0.0
2000,pryzm_sans_rerank,temporal,a_jour@5,24,0.75,0.5833,0.9167
2000,pryzm_sans_rerank,temporal,perime_en_tete,24,0.0,0.0,0.0
2000,pryzm_sans_rerank,toutes_avec_reponse,r@1,183,0.1038,0.0654,0.1475
2000,pryzm_sans_rerank,toutes_avec_reponse,r@5,183,0.3934,0.3224,0.4618
2000,pryzm_sans_rerank,toutes_avec_reponse,mrr,183,0.2268,0.1838,0.2717
2000,pryzm_sans_rerank,toutes_avec_reponse,ndcg@10,183,0.2885,0.2417,0.3368
2000,pryzm_sans_rerank,toutes_avec_reponse,complet@5,183,0.388,0.3169,0.459
2000,pryzm_sans_rerank,toutes_avec_reponse,abstention_a_tort,183,0.0,0.0,0.0
2000,pryzm_sans_rerank,toutes_avec_reponse,a_jour@5,24,0.75,0.5833,0.9167
2000,pryzm_sans_rerank,toutes_avec_reponse,perime_en_tete,24,0.0,0.0,0.0
2000,pryzm_sans_rerank,unanswerable,abstention_ok,40,0.0,0.0,0.0
